{"x": [1e-09, 1.25e-09, 1.5000000000000002e-09, 1.7500000000000002e-09, 2e-09, 2.2500000000000003e-09, 2.5e-09, 2.7500000000000002e-09, 3.0000000000000004e-09, 3.25e-09, 3.5000000000000003e-09, 3.7500000000000005e-09, 4e-09, 4.25e-09, 4.500000000000001e-09, 4.75e-09, 5e-09, 5.250000000000001e-09, 5.5000000000000004e-09, 5.75e-09, 6.000000000000001e-09, 6.2500000000000005e-09, 6.5e-09, 6.75e-09, 7.000000000000001e-09, 7.25e-09, 7.500000000000001e-09, 7.75e-09, 8e-09, 8.250000000000001e-09, 8.5e-09, 8.75e-09, 9.000000000000001e-09, 9.25e-09], "y": [2.0897057741253513, 2.1944091886954045, 2.3401134270974073, 2.4508842354628735, 2.5612162550997657, 2.6523461701256292, 2.715775130142634, 2.7484464017435704, 2.772616895211708, 2.7821298970456154, 2.79385860035172, 2.8107634758420392, 2.813422678760562, 2.807881298694245, 2.808911478139003, 2.804730552788559, 2.803022753621712, 2.803905267289618, 2.8104430080300493, 2.8088171036871854, 2.8098630284946218, 2.823771522219045, 2.8074740057554983, 2.8043175768699196, 2.7992879107065476, 2.792423136717303, 2.79923531834678, 2.7955979174032333, 2.7916803620359154, 2.794105008039296, 2.8007604179406376, 2.8054170099552596, 2.8038023268040337, 2.8016491040064473], "yerr": [0.008625668623137572, 0.008406239412132463, 0.008685400932146748, 0.008039940131263927, 0.008416705211329496, 0.009210182443618355, 0.010090739787176634, 0.009495528032117529, 0.008771965496207759, 0.008772561175419314, 0.008906552202623964, 0.00878914016282675, 0.00872688103309709, 0.007803873041704197, 0.0081884836856516, 0.008868527623217153, 0.008331433368832509, 0.007359559919974522, 0.008780988440971284, 0.008890615251646894, 0.009331955217495556, 0.009305426192077498, 0.008689656270684248, 0.008499569899386862, 0.008223311145926478, 0.0076232398930414415, 0.008933070616160822, 0.008189739770319938, 0.007505781726887789, 0.007816148025025099, 0.008154813054240442, 0.008403401204399944, 0.007805854658803299, 0.007419385682276246]}