{"x": [7.500000000000001e-10, 1e-09, 1.25e-09, 1.5000000000000002e-09, 1.7500000000000002e-09, 2e-09, 2.2500000000000003e-09, 2.5e-09, 2.7500000000000002e-09, 3.0000000000000004e-09, 3.25e-09, 3.5000000000000003e-09, 3.7500000000000005e-09, 4e-09, 4.25e-09, 4.500000000000001e-09, 4.75e-09, 5e-09, 5.250000000000001e-09, 5.5000000000000004e-09, 5.75e-09, 6.000000000000001e-09, 6.2500000000000005e-09, 6.5e-09, 6.75e-09, 7.000000000000001e-09, 7.25e-09, 7.500000000000001e-09, 7.75e-09, 8e-09, 8.250000000000001e-09, 8.5e-09, 8.75e-09, 9.000000000000001e-09, 9.25e-09], "y": [21.119016717785364, 25.819676636051987, 28.560232892134255, 29.040048705361283, 28.569270451648414, 28.2142148502288, 28.034431799509992, 28.097762306870926, 28.08809859977895, 28.18460512589757, 28.11087258053086, 28.076842395064602, 28.161744343057713, 28.043385800944773, 28.170841005801094, 28.125208516804705, 28.136787660686863, 28.13104851464154, 28.11148318294817, 28.059621450802926, 28.207455054033847, 28.07373425885028, 28.08303132049713, 28.126222163473336, 28.11233107743518, 28.15454636910582, 28.05863899166938, 28.17365512578637, 28.163267262251182, 28.2169430969414, 28.071007502892186, 28.01086289738786, 28.12110281309554, 28.09131593236744, 28.155241473526164], "yerr": [0.06963780913608975, 0.07183199634906633, 0.07578350358714872, 0.07437666662339969, 0.07657136928620753, 0.07092558546827551, 0.06541133675150242, 0.07074860726758851, 0.0787572638030583, 0.06712049086605634, 0.07812243731377955, 0.07745464492584127, 0.06877071877290702, 0.08326695161696708, 0.07185918215465294, 0.07310816792996089, 0.0704563168844922, 0.0762024443087551, 0.061393569166355993, 0.06005627288999884, 0.07143379860622365, 0.06325447097186476, 0.06429112009468574, 0.06685479313994132, 0.07486284721722887, 0.06535424104167162, 0.07056887475084427, 0.06926299884081241, 0.07844189958373152, 0.07260035160972, 0.063369994416458, 0.0750340185563972, 0.08378113249830453, 0.06937112712354261, 0.07563373177135142]}