{"x": [7.500000000000001e-10, 1e-09, 1.25e-09, 1.5000000000000002e-09, 1.7500000000000002e-09, 2e-09, 2.2500000000000003e-09, 2.5e-09, 2.7500000000000002e-09, 3.0000000000000004e-09, 3.25e-09, 3.5000000000000003e-09, 3.7500000000000005e-09, 4e-09, 4.25e-09, 4.500000000000001e-09, 4.75e-09, 5e-09, 5.250000000000001e-09, 5.5000000000000004e-09, 5.75e-09, 6.000000000000001e-09, 6.2500000000000005e-09, 6.5e-09, 6.75e-09, 7.000000000000001e-09, 7.25e-09, 7.500000000000001e-09, 7.75e-09, 8e-09, 8.250000000000001e-09, 8.5e-09, 8.75e-09, 9.000000000000001e-09, 9.25e-09], "y": [20.823856150309087, 27.221170749380107, 30.966598819328073, 30.323090614128887, 28.447369515133673, 27.45394363685947, 27.549441674931018, 28.01771921804249, 28.234183631584223, 28.29988466793996, 28.058540948091107, 28.107155236131558, 28.192909668790694, 28.013645264667094, 27.995821402009295, 28.203463289462242, 28.1344335868375, 28.25346970734937, 28.1714895031178, 28.016288419946786, 28.000151900861614, 28.166212845407788, 28.09832770209385, 28.182704634674977, 28.095007349344808, 28.028877332487635, 28.221198171793972, 28.201991577164375, 28.100519983580874, 28.032956664745605, 28.238606980068134, 28.09373090530639, 28.063802660956643, 28.065758899354027, 28.18030748196626], "yerr": [0.0843070755999074, 0.06462121045835414, 0.07201912835290192, 0.06162125782447632, 0.06849193584026109, 0.07169171547855177, 0.07544583388065372, 0.06964011617996, 0.07769262876666931, 0.07575431156753668, 0.053816569743246466, 0.0753072075377238, 0.07345247365932364, 0.06725565979674959, 0.07984012271764378, 0.07018851856476042, 0.0607239092554461, 0.07432742772202415, 0.0620853038622763, 0.07604025380668662, 0.06952210058931692, 0.06439719984884996, 0.06596882722598328, 0.0760263265127744, 0.07596396936328083, 0.07674469565927948, 0.06468105599801975, 0.06728493025010683, 0.07935507116941291, 0.06711909517059592, 0.060203230162018485, 0.07687357147149552, 0.07804535387568881, 0.06895631787280845, 0.08219033627518076]}