{"x": [1e-09, 1.25e-09, 1.5000000000000002e-09, 1.7500000000000002e-09, 2e-09, 2.2500000000000003e-09, 2.5e-09, 2.7500000000000002e-09, 3.0000000000000004e-09, 3.25e-09, 3.5000000000000003e-09, 3.7500000000000005e-09, 4e-09, 4.25e-09, 4.500000000000001e-09, 4.75e-09, 5e-09, 5.250000000000001e-09, 5.5000000000000004e-09, 5.75e-09, 6.000000000000001e-09, 6.2500000000000005e-09, 6.5e-09, 6.75e-09, 7.000000000000001e-09, 7.25e-09, 7.500000000000001e-09, 7.75e-09, 8e-09, 8.250000000000001e-09, 8.5e-09, 8.75e-09, 9.000000000000001e-09, 9.25e-09], "y": [1.0803024978350382, 1.1082880995914761, 1.142417528556763, 1.1839336673038254, 1.2247267271618252, 1.255490749978157, 1.2908158480638139, 1.3166953233467869, 1.3402202426318086, 1.3566712123664377, 1.368357452588312, 1.3813653739219216, 1.392934879781863, 1.3902502921792759, 1.3889105382120228, 1.3936291293500194, 1.3982031110998703, 1.4007015977933006, 1.4096614178581268, 1.413528011127716, 1.410712102655142, 1.4130743597388267, 1.4117247359655325, 1.3993661377338225, 1.3935448964641528, 1.3950705512256587, 1.3967419618405763, 1.396022046516355, 1.3931993990321427, 1.3951007204538923, 1.3942121955488849, 1.3989155407298552, 1.403240517682772, 1.4106553497817285], "yerr": [0.0045711820273330196, 0.004682362181232273, 0.005135263126390329, 0.004985778094001086, 0.004991523110586442, 0.004791255520409465, 0.004921170435013499, 0.00490341477539286, 0.004556019378459752, 0.0047712987704900765, 0.005088415663049734, 0.004831744886074284, 0.0054811730795416395, 0.0056134975417143655, 0.005855582765167842, 0.005527530570850365, 0.005282746669397945, 0.005414535497571933, 0.005058280506469448, 0.005428172441856021, 0.004905946853091396, 0.0050902847879136315, 0.004870316465903178, 0.004840636205499031, 0.004781495923693202, 0.005032774970919829, 0.0053282951448615345, 0.005596445675036198, 0.005238612662368254, 0.0049922667154036005, 0.005016556322728682, 0.005467873857666819, 0.005921443079568686, 0.0048975026271303335]}