{"x": [1e-09, 1.25e-09, 1.5000000000000002e-09, 1.7500000000000002e-09, 2e-09, 2.2500000000000003e-09, 2.5e-09, 2.7500000000000002e-09, 3.0000000000000004e-09, 3.25e-09, 3.5000000000000003e-09, 3.7500000000000005e-09, 4e-09, 4.25e-09, 4.500000000000001e-09, 4.75e-09, 5e-09, 5.250000000000001e-09, 5.5000000000000004e-09, 5.75e-09, 6.000000000000001e-09, 6.2500000000000005e-09, 6.5e-09, 6.75e-09, 7.000000000000001e-09, 7.25e-09, 7.500000000000001e-09, 7.75e-09, 8e-09, 8.250000000000001e-09, 8.5e-09, 8.75e-09, 9.000000000000001e-09, 9.25e-09], "y": [2.0171545252940803, 2.1261111803909833, 2.266865562618939, 2.4432126264812326, 2.647360457078185, 2.8137214082591386, 2.929893019338642, 2.957169508185252, 2.9347625228956224, 2.903449988958892, 2.8579541837753806, 2.8155039579872922, 2.789115183818559, 2.7940661278464316, 2.781093239896774, 2.772527987636575, 2.7842565784195616, 2.7934181510871605, 2.7949642429725183, 2.7928634630957143, 2.8014912041780877, 2.802484316501688, 2.804938775712797, 2.789263668246159, 2.78998603769322, 2.80404561902723, 2.8073407315644414, 2.807941540951168, 2.8005460945364935, 2.809644859780219, 2.795969676094677, 2.7952763705941237, 2.8057981504500584, 2.8011359390716817], "yerr": [0.011814530527589366, 0.009445954651080743, 0.009168637995455853, 0.009930346311874295, 0.01057940060011964, 0.011111844037558527, 0.010703784335324392, 0.010129599538085385, 0.010433124514428824, 0.010410535678226085, 0.011158349677012692, 0.012665001000344851, 0.010237589331285287, 0.00941606316059294, 0.010829553075681519, 0.010668776461386779, 0.00935205245400086, 0.01201920766322242, 0.010168384804278388, 0.010283037287527668, 0.010522746447521046, 0.011557232421318472, 0.011854564822145579, 0.01053223409460758, 0.010555902750772037, 0.010040022841185105, 0.012409638505609175, 0.01173644974186322, 0.01116868741883013, 0.01133504029357389, 0.010556513498914037, 0.011225912609214891, 0.01159801496889672, 0.012364438194228843]}