{"x": [7.500000000000001e-10, 1e-09, 1.25e-09, 1.5000000000000002e-09, 1.7500000000000002e-09, 2e-09, 2.2500000000000003e-09, 2.5e-09, 2.7500000000000002e-09, 3.0000000000000004e-09, 3.25e-09, 3.5000000000000003e-09, 3.7500000000000005e-09, 4e-09, 4.25e-09, 4.500000000000001e-09, 4.75e-09, 5e-09, 5.250000000000001e-09, 5.5000000000000004e-09, 5.75e-09, 6.000000000000001e-09, 6.2500000000000005e-09, 6.5e-09, 6.75e-09, 7.000000000000001e-09, 7.25e-09, 7.500000000000001e-09, 7.75e-09, 8e-09, 8.250000000000001e-09, 8.5e-09, 8.75e-09, 9.000000000000001e-09, 9.25e-09], "y": [21.174386020191672, 26.020483758452013, 28.8188641639566, 29.376139612481584, 28.7057618038247, 28.022459982697285, 27.93777038672249, 28.044644086492706, 28.119947197953532, 28.13526049067059, 28.160661662781948, 28.129455566266877, 28.129042612048416, 28.079023864719158, 28.073937509054634, 28.118033447184427, 28.088957790987894, 28.149987820796373, 28.20749315480517, 28.148843228285727, 28.079267988696373, 28.142764770101408, 28.154480473535536, 28.069273610088203, 28.05921506188728, 28.054144421610562, 28.175891620769637, 28.147796825098503, 28.04299739245729, 28.143620623608694, 28.244995645159158, 28.22409433855994, 28.15853228121728, 28.042665153624462, 27.99599631959161], "yerr": [0.06938922319040584, 0.07614768713171949, 0.0767909033074011, 0.06653619569289504, 0.06821151320565817, 0.07335482416108745, 0.07097232527190758, 0.06155115370690245, 0.06672283271289063, 0.06631172353569047, 0.06994940057201926, 0.07814568674946414, 0.07172798551106913, 0.06536875970331443, 0.06574161626990599, 0.0751039526025309, 0.07566532336724609, 0.07207401924756082, 0.07151487833892896, 0.07163032419538623, 0.07177668355448247, 0.0757086270335729, 0.06247090849206056, 0.06946412724115382, 0.06324965020216097, 0.06910564312685388, 0.06745897360271993, 0.05971952703011638, 0.06282675170138381, 0.059311396914798954, 0.07195302607555201, 0.06338707306955704, 0.0717517398376689, 0.06796612860398964, 0.07960081256768728]}