{"x": [1e-09, 1.25e-09, 1.5000000000000002e-09, 1.7500000000000002e-09, 2e-09, 2.2500000000000003e-09, 2.5e-09, 2.7500000000000002e-09, 3.0000000000000004e-09, 3.25e-09, 3.5000000000000003e-09, 3.7500000000000005e-09, 4e-09, 4.25e-09, 4.500000000000001e-09, 4.75e-09, 5e-09, 5.250000000000001e-09, 5.5000000000000004e-09, 5.75e-09, 6.000000000000001e-09, 6.2500000000000005e-09, 6.5e-09, 6.75e-09, 7.000000000000001e-09, 7.25e-09, 7.500000000000001e-09, 7.75e-09, 8e-09, 8.250000000000001e-09, 8.5e-09, 8.75e-09, 9.000000000000001e-09, 9.25e-09], "y": [1.0891588956436946, 1.1189924630119146, 1.1561634355791843, 1.1920173194353367, 1.2241006196827318, 1.2497022260627646, 1.2863329998391118, 1.3127991008470117, 1.3333646275500484, 1.3421808245371583, 1.3595765856212458, 1.3709475463554055, 1.3815950679398465, 1.3880614757120613, 1.3981838610325077, 1.393685663558763, 1.3964453368000176, 1.4004347260102987, 1.4022483049696453, 1.3958623832307877, 1.4093100519376864, 1.4007570620321255, 1.4003269402819831, 1.3939862834898435, 1.3901323470699174, 1.3936164349494549, 1.3909370605057085, 1.3923663316021224, 1.3958193885513848, 1.4017122972414222, 1.4047807255382814, 1.4048787209491274, 1.4002128925947899, 1.4019453417439756], "yerr": [0.004693083626351669, 0.004594636987157708, 0.004593639718338255, 0.004467489462684481, 0.00474783808639621, 0.0043377492104134125, 0.00540587162137119, 0.005589117429169947, 0.005442004202853094, 0.005045351418543861, 0.0049753970992768605, 0.005108105476029911, 0.004982119177575442, 0.005159619748743381, 0.0044190309048471555, 0.005139371071597164, 0.005308493639631322, 0.005350013967139458, 0.004813547334695012, 0.004906735143383418, 0.005008250210869568, 0.005536908760721546, 0.005482048955624005, 0.005315562609895802, 0.004505377600958121, 0.005053421862642593, 0.004799501330287465, 0.005225804877503784, 0.005248366104686484, 0.004634407432980692, 0.004688273166141913, 0.004764579510489447, 0.005022216774223752, 0.005195135646987724]}