{"x": [7.500000000000001e-10, 1e-09, 1.25e-09, 1.5000000000000002e-09, 1.7500000000000002e-09, 2e-09, 2.2500000000000003e-09, 2.5e-09, 2.7500000000000002e-09, 3.0000000000000004e-09, 3.25e-09, 3.5000000000000003e-09, 3.7500000000000005e-09, 4e-09, 4.25e-09, 4.500000000000001e-09, 4.75e-09, 5e-09, 5.250000000000001e-09, 5.5000000000000004e-09, 5.75e-09, 6.000000000000001e-09, 6.2500000000000005e-09, 6.5e-09, 6.75e-09, 7.000000000000001e-09, 7.25e-09, 7.500000000000001e-09, 7.75e-09, 8e-09, 8.250000000000001e-09, 8.5e-09, 8.75e-09, 9.000000000000001e-09, 9.25e-09], "y": [3.5222590229410375, 3.8611015349760036, 4.355653490846691, 5.023350054004112, 5.856418639575566, 6.626126225102928, 6.852725404498259, 6.40152491243955, 5.732782212921967, 5.236278353385308, 5.029613614789188, 5.090371315558299, 5.345783043025509, 5.605705730822762, 5.818722411490155, 5.880389651866147, 5.822342335604733, 5.728362514476427, 5.6077712833223465, 5.515798663373089, 5.494468545531521, 5.514065977856805, 5.5505331461996175, 5.6183460839651245, 5.662763870739362, 5.68150654886046, 5.688290989442425, 5.641451296296325, 5.588153784283864, 5.551096733010824, 5.573246110499776, 5.606058308280454, 5.599872698618697, 5.622078044520206, 5.657603777005305], "yerr": [0.019768564468529228, 0.019125033297992762, 0.021468376755209278, 0.020969813520067878, 0.024158687852060864, 0.021710548426968884, 0.023254906105792457, 0.021960254956457315, 0.025695706338996305, 0.02424297409159562, 0.02121731115990965, 0.021923733496582817, 0.02134975118120453, 0.02365930436580649, 0.026097512317697035, 0.0235235304292778, 0.018282837787895495, 0.02343743948950638, 0.02245170165265798, 0.020673275534459207, 0.02051624953402963, 0.01960802485027338, 0.020984455837842662, 0.022834851448139414, 0.023483105145659468, 0.023374838717762664, 0.021659892967586913, 0.023059708387844415, 0.0192058146580898, 0.019166168520587605, 0.022201307493669893, 0.02139999744464855, 0.018536009958095748, 0.02094333904666611, 0.021871968723580205]}