{"x": [1e-09, 1.25e-09, 1.5000000000000002e-09, 1.7500000000000002e-09, 2e-09, 2.2500000000000003e-09, 2.5e-09, 2.7500000000000002e-09, 3.0000000000000004e-09, 3.25e-09, 3.5000000000000003e-09, 3.7500000000000005e-09, 4e-09, 4.25e-09, 4.500000000000001e-09, 4.75e-09, 5e-09, 5.250000000000001e-09, 5.5000000000000004e-09, 5.75e-09, 6.000000000000001e-09, 6.2500000000000005e-09, 6.5e-09, 6.75e-09, 7.000000000000001e-09, 7.25e-09, 7.500000000000001e-09, 7.75e-09, 8e-09, 8.250000000000001e-09, 8.5e-09, 8.75e-09, 9.000000000000001e-09, 9.25e-09], "y": [0.9916900663302989, 1.0240686227524365, 1.0715230943450775, 1.1230154053055919, 1.1813700924162245, 1.254956765035502, 1.3368608365267973, 1.4251101524168897, 1.4978040836788578, 1.5578821976058765, 1.5812750235993962, 1.5659918081341786, 1.5220158530436723, 1.4647859642886578, 1.4043490167806503, 1.3735003865554627, 1.3381607450136719, 1.3155109911587508, 1.322668897077456, 1.3295594771603063, 1.3580458439710246, 1.3799246530812637, 1.3980999651660497, 1.4201319728850144, 1.4357023442135948, 1.440193796543561, 1.4478622392413307, 1.4333795502640425, 1.4116340153852711, 1.3976770845964448, 1.3899376850144274, 1.383082247058877, 1.3814014173021625, 1.3780414049809773], "yerr": [0.005924732402431098, 0.006101107526219922, 0.006076881250781996, 0.005718388026920165, 0.006363590130886856, 0.005982339179394879, 0.005880508263294081, 0.006108443176774734, 0.0059104106808608135, 0.006057196141380729, 0.007108091255700202, 0.0067160406594656, 0.0067091732485188614, 0.0065435999662543844, 0.005896670023697927, 0.0062404377526826035, 0.006028962889688618, 0.005469551463354975, 0.006259289720317428, 0.006909317011392913, 0.007293555310556209, 0.00628483847109521, 0.006071046053769609, 0.006973154418211443, 0.0072088690140027075, 0.006306632752787509, 0.0064217687215702155, 0.006261218969788757, 0.006374658046084612, 0.006526693292740482, 0.005773249437771969, 0.0057788983225201766, 0.005050043979853129, 0.00620935054935612]}