{"x": [1e-09, 1.25e-09, 1.5000000000000002e-09, 1.7500000000000002e-09, 2e-09, 2.2500000000000003e-09, 2.5e-09, 2.7500000000000002e-09, 3.0000000000000004e-09, 3.25e-09, 3.5000000000000003e-09, 3.7500000000000005e-09, 4e-09, 4.25e-09, 4.500000000000001e-09, 4.75e-09, 5e-09, 5.250000000000001e-09, 5.5000000000000004e-09, 5.75e-09, 6.000000000000001e-09, 6.2500000000000005e-09, 6.5e-09, 6.75e-09, 7.000000000000001e-09, 7.25e-09, 7.500000000000001e-09, 7.75e-09, 8e-09, 8.250000000000001e-09, 8.5e-09, 8.75e-09, 9.000000000000001e-09, 9.25e-09], "y": [1.0586206716383462, 1.0950424791805302, 1.1351334583420993, 1.1749678855152086, 1.219911193502895, 1.2674769601298943, 1.304149898591028, 1.3407571280109982, 1.363644523857153, 1.3843052638680136, 1.3908596402725906, 1.3988016043324132, 1.4049479128849325, 1.408004205984269, 1.4034133749077304, 1.3994433858748652, 1.396291064903256, 1.3992409714870149, 1.3995652890033623, 1.3999603603884083, 1.3951044155547103, 1.4051718231013857, 1.399831390056672, 1.4012958527837314, 1.4000465001544549, 1.3963349282944384, 1.394319067793138, 1.3994607532551944, 1.3969875099304283, 1.4081830044978443, 1.4049308944469405, 1.4037664983195475, 1.405435247609365, 1.4075062093790514], "yerr": [0.004559332557349352, 0.004466093833251842, 0.004171938300962108, 0.004855120782150625, 0.0049390944207468, 0.004362366086587366, 0.004703865642868699, 0.0049697964042048496, 0.004279007261874867, 0.004454028213138839, 0.0038565116497465217, 0.004314542320804869, 0.004806232453082328, 0.005122735634049679, 0.0046343109468214875, 0.0044173698036634795, 0.00422584635471116, 0.004740589607997706, 0.004736059600039014, 0.004657936914558033, 0.004726173768229844, 0.00454755608774029, 0.005092521927618109, 0.005115083072689127, 0.0048771046406305375, 0.00468084073636516, 0.004936137418966468, 0.00485303617631572, 0.004625891967048505, 0.004784296521513599, 0.004049782125734791, 0.004185961249688492, 0.005079676093853191, 0.004301719453198143]}