{"x": [1e-09, 1.25e-09, 1.5000000000000002e-09, 1.7500000000000002e-09, 2e-09, 2.2500000000000003e-09, 2.5e-09, 2.7500000000000002e-09, 3.0000000000000004e-09, 3.25e-09, 3.5000000000000003e-09, 3.7500000000000005e-09, 4e-09, 4.25e-09, 4.500000000000001e-09, 4.75e-09, 5e-09, 5.250000000000001e-09, 5.5000000000000004e-09, 5.75e-09, 6.000000000000001e-09, 6.2500000000000005e-09, 6.5e-09, 6.75e-09, 7.000000000000001e-09, 7.25e-09, 7.500000000000001e-09, 7.75e-09, 8e-09, 8.250000000000001e-09, 8.5e-09, 8.75e-09, 9.000000000000001e-09, 9.25e-09], "y": [2.045351952755043, 2.169676093344177, 2.311718764025829, 2.479915788513607, 2.6185374294047654, 2.732103930166742, 2.7942893451239392, 2.841387369436001, 2.854792272558899, 2.8524816834297932, 2.832060832532149, 2.82995758157486, 2.8182264590389274, 2.812533115775279, 2.8087269868307243, 2.7992404720841138, 2.7880045252785335, 2.7876863878136153, 2.789498977154239, 2.79518184464757, 2.8019716441545, 2.8062655314156144, 2.808087243901193, 2.8129067322983072, 2.8102367109266893, 2.7952305197217813, 2.796349539708524, 2.781862961588802, 2.792476189289815, 2.8075660244855056, 2.812502281523528, 2.8025984891929414, 2.7933789925662795, 2.788319330128591], "yerr": [0.008910804313470187, 0.008869810346983682, 0.008952643899317169, 0.008703482029668015, 0.00857682085709636, 0.0075605279844670175, 0.007562296416931867, 0.009211820745716073, 0.009161075357539105, 0.00931569144510163, 0.00779432267003335, 0.007395230845063844, 0.008116323181519176, 0.008385909204108461, 0.007807635231545597, 0.009126831665960405, 0.00856498216090014, 0.007271526188728314, 0.00876191469914215, 0.007675904486010425, 0.007774728813999395, 0.00789638863923232, 0.0078176355443941, 0.00733660732658962, 0.008068119216787569, 0.00867597757612878, 0.009724250353192047, 0.007762079282358861, 0.007675835993185579, 0.009143860020253598, 0.008569145690304786, 0.008064210564645628, 0.008282002508968168, 0.0077414935257451075]}