{"x": [1e-09, 1.25e-09, 1.5000000000000002e-09, 1.7500000000000002e-09, 2e-09, 2.2500000000000003e-09, 2.5e-09, 2.7500000000000002e-09, 3.0000000000000004e-09, 3.25e-09, 3.5000000000000003e-09, 3.7500000000000005e-09, 4e-09, 4.25e-09, 4.500000000000001e-09, 4.75e-09, 5e-09, 5.250000000000001e-09, 5.5000000000000004e-09, 5.75e-09, 6.000000000000001e-09, 6.2500000000000005e-09, 6.5e-09, 6.75e-09, 7.000000000000001e-09, 7.25e-09, 7.500000000000001e-09, 7.75e-09, 8e-09, 8.250000000000001e-09, 8.5e-09, 8.75e-09, 9.000000000000001e-09, 9.25e-09], "y": [1.1538454238394262, 1.1791759463200635, 1.1965507049350153, 1.2173766592902562, 1.2406469746353634, 1.2623122431000888, 1.276078307156433, 1.2892782897019606, 1.300300807114969, 1.3107949814552824, 1.3234925249697014, 1.3306183804947689, 1.3416002251605055, 1.3419538101428414, 1.3488943870670282, 1.3561843019841735, 1.3604911316842234, 1.3650864238436915, 1.3722862505165578, 1.3731029433692077, 1.373970977780331, 1.3794551738563177, 1.3797210258273054, 1.3774336948727062, 1.3784414757280703, 1.3791763967083437, 1.3801496822841905, 1.3845996982644564, 1.388233581256979, 1.3927957751407694, 1.3922221710699094, 1.3910281495516472, 1.3943622422856556, 1.3977987351001047], "yerr": [0.004294838801305901, 0.00469768131100676, 0.004759338904025248, 0.004496706952285086, 0.00483081447482897, 0.004816834218660616, 0.004919929695808487, 0.0049360405415275616, 0.0051018875551583675, 0.0049847932353533535, 0.004871476630542467, 0.004714258573482443, 0.004724873097902459, 0.004597361124665746, 0.004695024878620863, 0.004995954247488786, 0.004720558142118296, 0.004326672348550825, 0.00426655239203736, 0.004363098843690722, 0.004306753176235117, 0.004246180753768702, 0.00435900300054185, 0.00474503777721939, 0.004986338509793366, 0.005922804839362569, 0.005799155011812781, 0.005747462757021654, 0.00566756164283544, 0.005125797634131697, 0.004867861435529006, 0.004688190692009749, 0.004321378151646141, 0.0042332471283259435]}