{"x": [1e-09, 1.25e-09, 1.5000000000000002e-09, 1.7500000000000002e-09, 2e-09, 2.2500000000000003e-09, 2.5e-09, 2.7500000000000002e-09, 3.0000000000000004e-09, 3.25e-09, 3.5000000000000003e-09, 3.7500000000000005e-09, 4e-09, 4.25e-09, 4.500000000000001e-09, 4.75e-09, 5e-09, 5.250000000000001e-09, 5.5000000000000004e-09, 5.75e-09, 6.000000000000001e-09, 6.2500000000000005e-09, 6.5e-09, 6.75e-09, 7.000000000000001e-09, 7.25e-09, 7.500000000000001e-09, 7.75e-09, 8e-09, 8.250000000000001e-09, 8.5e-09, 8.75e-09, 9.000000000000001e-09, 9.25e-09], "y": [1.9658728404447074, 2.0962679082197693, 2.2448006699522316, 2.4393872996542467, 2.6576517825468526, 2.875380210804524, 3.028434193113575, 3.0782646145080124, 3.0494569114332744, 2.968213787252439, 2.8613766511848953, 2.773585501749769, 2.726419835935004, 2.7118400017315993, 2.7151411328124184, 2.7529731028308846, 2.7943453503692726, 2.7984114354396263, 2.817579316547706, 2.8282044414837193, 2.816708283050916, 2.8295362908668467, 2.8131336715920523, 2.7848594231998134, 2.787617832787279, 2.7879651360333155, 2.787974490962327, 2.7975781623700224, 2.8127916836188414, 2.8144285999273895, 2.808340140304865, 2.799120289110696, 2.784265483845296, 2.7966744828400554], "yerr": [0.010633061463637558, 0.01140685637439526, 0.011417902010284928, 0.010522710586374906, 0.010332386244558699, 0.011124811220320208, 0.010143399038995396, 0.011021230991184596, 0.011480617523618236, 0.011957207547634695, 0.012187033033647323, 0.011530839936888018, 0.012654795119095143, 0.01086252889855973, 0.011788778100354549, 0.010473474956653945, 0.011030613329998494, 0.011556349509516634, 0.010497354561531672, 0.010250453235809079, 0.011212550646962215, 0.01089554948372823, 0.009531135515537376, 0.0103514633670807, 0.009678972001755944, 0.010552699304290555, 0.009856939928459468, 0.011002111836658605, 0.009395186058518636, 0.01091492519531177, 0.010844116104100781, 0.009712461931979586, 0.009801254722209586, 0.010869191712765496]}