{"x": [7.500000000000001e-10, 1e-09, 1.25e-09, 1.5000000000000002e-09, 1.7500000000000002e-09, 2e-09, 2.2500000000000003e-09, 2.5e-09, 2.7500000000000002e-09, 3.0000000000000004e-09, 3.25e-09, 3.5000000000000003e-09, 3.7500000000000005e-09, 4e-09, 4.25e-09, 4.500000000000001e-09, 4.75e-09, 5e-09, 5.250000000000001e-09, 5.5000000000000004e-09, 5.75e-09, 6.000000000000001e-09, 6.2500000000000005e-09, 6.5e-09, 6.75e-09, 7.000000000000001e-09, 7.25e-09, 7.500000000000001e-09, 7.75e-09, 8e-09, 8.250000000000001e-09, 8.5e-09, 8.75e-09, 9.000000000000001e-09, 9.25e-09], "y": [4.118553350355925, 4.383259304563994, 4.633993073175316, 4.8521396980971625, 5.024814574837111, 5.18561387729895, 5.300029783484007, 5.365292091933521, 5.448870122221406, 5.470169758812401, 5.528160537790527, 5.5657256837582505, 5.580646724495831, 5.586007400454752, 5.600464350294261, 5.612718016066398, 5.604735460016663, 5.623688724290665, 5.621201381867724, 5.621982435021898, 5.620315179367845, 5.600618462740991, 5.623604313544264, 5.620572483710708, 5.6096594189076905, 5.611259478848379, 5.628467079685689, 5.617485251401501, 5.613139061650881, 5.607072036301999, 5.607915954541939, 5.601186500595802, 5.596241219872612, 5.612286580026586, 5.611477306479935], "yerr": [0.013623665305270623, 0.013264969276551273, 0.01388192015986918, 0.012702842320936134, 0.014515757388101524, 0.014571098461239482, 0.013911468997623896, 0.013702753732546247, 0.01369784000199575, 0.01248200930460695, 0.013912528723574518, 0.01432026442534143, 0.013091437931259085, 0.01318511409910755, 0.013060715715648335, 0.013091654622552207, 0.01408072051692529, 0.01503786585398786, 0.013090124771827796, 0.013924490079128722, 0.014337562264413042, 0.013460357400918305, 0.013202797380049144, 0.01346144076016462, 0.013665293626299355, 0.012547661806862563, 0.01220301503005139, 0.014043064300489166, 0.013555055569018964, 0.013088081728173216, 0.012525608323553651, 0.014049267136146838, 0.015500991980617853, 0.0159439592655035, 0.014566055459776163]}