{"x": [1e-09, 1.25e-09, 1.5000000000000002e-09, 1.7500000000000002e-09, 2e-09, 2.2500000000000003e-09, 2.5e-09, 2.7500000000000002e-09, 3.0000000000000004e-09, 3.25e-09, 3.5000000000000003e-09, 3.7500000000000005e-09, 4e-09, 4.25e-09, 4.500000000000001e-09, 4.75e-09, 5e-09, 5.250000000000001e-09, 5.5000000000000004e-09, 5.75e-09, 6.000000000000001e-09, 6.2500000000000005e-09, 6.5e-09, 6.75e-09, 7.000000000000001e-09, 7.25e-09, 7.500000000000001e-09, 7.75e-09, 8e-09, 8.250000000000001e-09, 8.5e-09, 8.75e-09, 9.000000000000001e-09, 9.25e-09], "y": [1.0691688532306383, 1.1033916715182703, 1.1440763053148812, 1.1786558010380004, 1.2221802049578054, 1.2627165057672778, 1.2959712723947503, 1.3303516135191729, 1.3515075223657922, 1.3691220054203606, 1.3845037716926014, 1.3922857090609913, 1.4002231777713547, 1.4053402602454537, 1.4080430760551421, 1.40807049648093, 1.4060424735555621, 1.3996752565537847, 1.4033170340676848, 1.3966239525991606, 1.3987524076586255, 1.4011123711783429, 1.3991701673400725, 1.3963571849804923, 1.3930462745260266, 1.39943501251503, 1.3977267663181288, 1.3992548899550137, 1.4006043600009799, 1.406155117437459, 1.4062317631272236, 1.402707885319844, 1.4003054112805546, 1.396197220978654], "yerr": [0.003741444343201845, 0.0036416136721937335, 0.003972913540949973, 0.004309796381746022, 0.004094750833741092, 0.00384722045387311, 0.004040824671343877, 0.004468576331660803, 0.004147306021936644, 0.003922726598188864, 0.004056749733924653, 0.004200104411357828, 0.004098094539479805, 0.004180363705130146, 0.0039129797443157675, 0.0041087482790106026, 0.0039990443929999705, 0.004136062052024792, 0.003964287040346736, 0.004379105325484349, 0.004466058871516196, 0.004072256780053752, 0.003941910864973988, 0.004497757671868885, 0.0046596265842256315, 0.004041600198149086, 0.003861488189458467, 0.0036599657307583348, 0.004153272490395979, 0.004272602418369483, 0.00438663584199671, 0.0042424446319430055, 0.003989657395571788, 0.004100001522320125]}