{"x": [1e-09, 1.25e-09, 1.5000000000000002e-09, 1.7500000000000002e-09, 2e-09, 2.2500000000000003e-09, 2.5e-09, 2.7500000000000002e-09, 3.0000000000000004e-09, 3.25e-09, 3.5000000000000003e-09, 3.7500000000000005e-09, 4e-09, 4.25e-09, 4.500000000000001e-09, 4.75e-09, 5e-09, 5.250000000000001e-09, 5.5000000000000004e-09, 5.75e-09, 6.000000000000001e-09, 6.2500000000000005e-09, 6.5e-09, 6.75e-09, 7.000000000000001e-09, 7.25e-09, 7.500000000000001e-09, 7.75e-09, 8e-09, 8.250000000000001e-09, 8.5e-09, 8.75e-09, 9.000000000000001e-09, 9.25e-09], "y": [2.22322141821794, 2.2946202753021656, 2.3592256860966647, 2.4215109081876958, 2.4777419156346863, 2.53775702629633, 2.5856476170194584, 2.620678179058783, 2.6433259675768097, 2.6745446529790016, 2.7030735802074224, 2.724864344490372, 2.7465492997615892, 2.7615401947063405, 2.7704051567185557, 2.776271908354814, 2.7761724513855772, 2.794779348499079, 2.7835376198472974, 2.7955540194861075, 2.792041937810497, 2.7950036592689, 2.7999029674539955, 2.7947836015121634, 2.7981432690063555, 2.785784821819599, 2.7848767841280786, 2.7920812764267513, 2.793021620740124, 2.790009718496769, 2.7989921904261506, 2.80500024785344, 2.7951554923345694, 2.797678612840664], "yerr": [0.01009951235277468, 0.01027996166182769, 0.01055723669430166, 0.011209601449153167, 0.011331203341871685, 0.010039565670824068, 0.009725467909732858, 0.009483574246317536, 0.009052818326607518, 0.00947485356986115, 0.009967983197680273, 0.010554372045045071, 0.009746252531515075, 0.010000429568096386, 0.00982057673403474, 0.01112685508409418, 0.011416408049316876, 0.011284807103295486, 0.010771629912106227, 0.011554096608365516, 0.011258608624236267, 0.010426608823073323, 0.009819076918173601, 0.010114834800448556, 0.010361341644628529, 0.010706571008552462, 0.011840294619385664, 0.010567213615584438, 0.010914203947736222, 0.010552475780192595, 0.010463579204802023, 0.010936271318259402, 0.010311511385704271, 0.009545872065731481]}