{"x": [7.500000000000001e-10, 1e-09, 1.25e-09, 1.5000000000000002e-09, 1.7500000000000002e-09, 2e-09, 2.2500000000000003e-09, 2.5e-09, 2.7500000000000002e-09, 3.0000000000000004e-09, 3.25e-09, 3.5000000000000003e-09, 3.7500000000000005e-09, 4e-09, 4.25e-09, 4.500000000000001e-09, 4.75e-09, 5e-09, 5.250000000000001e-09, 5.5000000000000004e-09, 5.75e-09, 6.000000000000001e-09, 6.2500000000000005e-09, 6.5e-09, 6.75e-09, 7.000000000000001e-09, 7.25e-09, 7.500000000000001e-09, 7.75e-09, 8e-09, 8.250000000000001e-09, 8.5e-09, 8.75e-09, 9.000000000000001e-09, 9.25e-09], "y": [3.611744486795629, 3.944516543366087, 4.400778453175007, 5.025170196462891, 5.732652196150193, 6.284027449229162, 6.419700408502616, 6.1760581157815135, 5.831394400912651, 5.5279289627684145, 5.35386022049013, 5.31140031456984, 5.386742108497767, 5.530635337408985, 5.662929776754084, 5.701332087153214, 5.752931636576806, 5.680529911564738, 5.638234962493695, 5.572213000964086, 5.5589540287234245, 5.569026913034764, 5.584016340509558, 5.650693729823415, 5.651064678530059, 5.662172515400238, 5.612661018378052, 5.615414089561982, 5.581447744362875, 5.577936021031333, 5.567540667133891, 5.6006616547691825, 5.6109201901304475, 5.629663815387534, 5.668696711256044], "yerr": [0.02161617374772015, 0.02692959790411429, 0.023300645556694356, 0.02500786441885378, 0.0212886953521746, 0.024597023192337402, 0.022647495119812084, 0.024783655738162984, 0.022520199744559176, 0.01761634251333607, 0.021382694363403665, 0.023173940579876873, 0.022710925132366173, 0.017163226372703844, 0.022505292199680817, 0.02609287858799996, 0.02375742212100188, 0.023249055296281778, 0.02221015893709295, 0.022885085490261557, 0.021710318464036597, 0.02051896308859904, 0.02338537051017616, 0.022371832515813532, 0.022934953605300176, 0.01857242429919911, 0.019971338158096704, 0.0253926790037618, 0.01961326863130663, 0.02127669979679266, 0.02447810663707034, 0.023200959411156994, 0.022392273598430715, 0.02516316890678671, 0.024805156294412867]}