{"nu_a_WS": 2.1703629854683175, "nu_a_WS_lower": 2.1615409565437385, "nu_a_WS_upper": 2.181256308175854, "constant_of_proportionality_a_WS": 0.13119620875959145, "constant_of_proportionality_a_WS_lower": 0.12876781989434632, "constant_of_proportionality_a_WS_upper": 0.13376192792541253, "nu_Gamma": 1.0975286690267587, "nu_Gamma_lower": 1.0928528539254332, "nu_Gamma_upper": 1.1026107956341267, "constant_of_proportionality_Gamma": 0.4199998288376647, "constant_of_proportionality_Gamma_lower": 0.4134163587684645, "constant_of_proportionality_Gamma_upper": 0.4254783935677594}