{"nu_a_WS": 2.1845218754850033, "nu_a_WS_lower": 2.1739592021689353, "nu_a_WS_upper": 2.193317015249178, "constant_of_proportionality_a_WS": 0.12810112361708173, "constant_of_proportionality_a_WS_lower": 0.12542404212373537, "constant_of_proportionality_a_WS_upper": 0.13025775887387092, "nu_Gamma": 1.0873745645334543, "nu_Gamma_lower": 1.0820370387666594, "nu_Gamma_upper": 1.0930094917213506, "constant_of_proportionality_Gamma": 0.4283151653801884, "constant_of_proportionality_Gamma_lower": 0.421091993645641, "constant_of_proportionality_Gamma_upper": 0.43420723140546225}