{"x": [1e-09, 1.25e-09, 1.5000000000000002e-09, 1.7500000000000002e-09, 2e-09, 2.2500000000000003e-09, 2.5e-09, 2.7500000000000002e-09, 3.0000000000000004e-09, 3.25e-09, 3.5000000000000003e-09, 3.7500000000000005e-09, 4e-09, 4.25e-09, 4.500000000000001e-09, 4.75e-09, 5e-09, 5.250000000000001e-09, 5.5000000000000004e-09, 5.75e-09, 6.000000000000001e-09, 6.2500000000000005e-09, 6.5e-09, 6.75e-09, 7.000000000000001e-09, 7.25e-09, 7.500000000000001e-09, 7.75e-09, 8e-09, 8.250000000000001e-09, 8.5e-09, 8.75e-09, 9.000000000000001e-09, 9.25e-09], "y": [2.0070080690603866, 2.1273773524678794, 2.282086903740112, 2.4659280363040437, 2.627898780797045, 2.7540687388514598, 2.856713776296937, 2.8852363128538867, 2.8821031242056154, 2.8777469360505683, 2.856300651776985, 2.836903544868363, 2.8090878280558282, 2.788714313325011, 2.7792799866760767, 2.7821687345216004, 2.7988470059037627, 2.794982738762503, 2.7995327457203394, 2.803552215018036, 2.7973151944983674, 2.793815441337518, 2.798279084301924, 2.8015711255255593, 2.807745449291299, 2.8029195510862728, 2.8079203682838285, 2.803987179515397, 2.7902417133306865, 2.7930368143306, 2.799597227451816, 2.8002012650110273, 2.8076425100841917, 2.8053349638253042], "yerr": [0.00724706701985541, 0.007607297919068348, 0.007988673681907131, 0.007349621926766549, 0.007976832420607637, 0.008080913542072911, 0.007811038656668165, 0.007354890384327364, 0.007767114713267987, 0.008612026568124978, 0.00764069196040934, 0.00719622600720881, 0.007889124295997422, 0.007697599215262416, 0.008463313209216238, 0.00826927344879756, 0.008561786840930001, 0.00847329569778056, 0.008916915151045509, 0.008702867901582523, 0.009069800999401877, 0.00817031524159253, 0.008525355403077523, 0.00861929024146137, 0.008610668253073486, 0.008395558591350678, 0.008012410460643207, 0.009074873765311995, 0.008376635181986402, 0.008270142063611345, 0.007372848703276683, 0.008255095628112077, 0.00820785321766486, 0.00830802875936456]}