{"x": [7.500000000000001e-10, 1e-09, 1.25e-09, 1.5000000000000002e-09, 1.7500000000000002e-09, 2e-09, 2.2500000000000003e-09, 2.5e-09, 2.7500000000000002e-09, 3.0000000000000004e-09, 3.25e-09, 3.5000000000000003e-09, 3.7500000000000005e-09, 4e-09, 4.25e-09, 4.500000000000001e-09, 4.75e-09, 5e-09, 5.250000000000001e-09, 5.5000000000000004e-09, 5.75e-09, 6.000000000000001e-09, 6.2500000000000005e-09, 6.5e-09, 6.75e-09, 7.000000000000001e-09, 7.25e-09, 7.500000000000001e-09, 7.75e-09, 8e-09, 8.250000000000001e-09, 8.5e-09, 8.75e-09, 9.000000000000001e-09, 9.25e-09], "y": [3.89830200668395, 4.203060199221985, 4.590415220989406, 4.931261063057453, 5.24152678100934, 5.468932578076104, 5.5837060751450664, 5.6351210682544774, 5.647548481845779, 5.657825634129086, 5.649623208577157, 5.643522943474336, 5.618413046679782, 5.599768616927657, 5.589605691839663, 5.593259622630534, 5.616934978398134, 5.621102972125998, 5.621956848026633, 5.612541954397401, 5.630467519100161, 5.610782471333646, 5.616561205186643, 5.601704690870623, 5.594619069214016, 5.594918173344359, 5.597769200066748, 5.6319624124752155, 5.609421908157451, 5.621568039605324, 5.642624768650439, 5.630162219161863, 5.621298491359721, 5.6092852474376045, 5.592658339353153], "yerr": [0.016616635552002275, 0.0164716958458546, 0.016607613008712434, 0.014321237024700163, 0.01718059636906722, 0.018640595602920758, 0.018245774805816534, 0.017107717376390802, 0.01694034517329007, 0.014666264008464273, 0.018071001959708986, 0.01877802131353751, 0.01749206382972345, 0.016091568755696315, 0.016038572059131475, 0.017451119543744113, 0.013406927262957797, 0.014534971405381717, 0.01515346026376436, 0.016358377359010048, 0.01720950143264534, 0.01669428868427745, 0.01724213639366545, 0.01585153165233674, 0.01676908008712626, 0.01440482815262612, 0.01842934669528495, 0.017628013256368005, 0.015786730427448194, 0.016726809942311453, 0.015585575422575968, 0.015488394453025616, 0.01439282886207414, 0.01752042519125811, 0.01604457227685944]}