{"x": [7.500000000000001e-10, 1e-09, 1.25e-09, 1.5000000000000002e-09, 1.7500000000000002e-09, 2e-09, 2.2500000000000003e-09, 2.5e-09, 2.7500000000000002e-09, 3.0000000000000004e-09, 3.25e-09, 3.5000000000000003e-09, 3.7500000000000005e-09, 4e-09, 4.25e-09, 4.500000000000001e-09, 4.75e-09, 5e-09, 5.250000000000001e-09, 5.5000000000000004e-09, 5.75e-09, 6.000000000000001e-09, 6.2500000000000005e-09, 6.5e-09, 6.75e-09, 7.000000000000001e-09, 7.25e-09, 7.500000000000001e-09, 7.75e-09, 8e-09, 8.250000000000001e-09, 8.5e-09, 8.75e-09, 9.000000000000001e-09, 9.25e-09], "y": [3.7153990120471665, 4.067357735851905, 4.5217383954127985, 5.065405950580708, 5.519532215746628, 5.8266780208813564, 5.923088981902031, 5.884955909772316, 5.756858094960984, 5.6798284474460505, 5.587059493594875, 5.544311971985271, 5.548358261244585, 5.591417781145741, 5.623659916983425, 5.63618302310434, 5.6394299751482695, 5.627078005257676, 5.616457377768627, 5.602061765545103, 5.573322629175108, 5.58072251660719, 5.596420014126063, 5.6167689409919035, 5.638608076210448, 5.641929160291885, 5.62612341416135, 5.610312629961441, 5.606350441867221, 5.594042152015473, 5.593788325365499, 5.6009401680947875, 5.621480806508101, 5.62361210150531, 5.6350020835388035], "yerr": [0.014100468842973399, 0.015366238103903359, 0.01567201581481205, 0.015815178986437226, 0.017314270662013555, 0.018130297956227004, 0.015507862799568969, 0.015291500143937061, 0.018387391283222233, 0.017331222492591815, 0.01563275067957037, 0.017793389132447098, 0.015454950635642853, 0.014620379253405697, 0.014543127911515722, 0.016507564495699834, 0.018238838382016783, 0.013572855123020821, 0.012942613420258087, 0.014171462829577795, 0.01621067617481544, 0.016208738425331073, 0.01525706862479237, 0.01596601039289381, 0.01571169623405869, 0.014112926195850816, 0.015183593140240365, 0.015663987160348027, 0.01600172918620189, 0.016521338386357182, 0.01795316580294026, 0.01674193682108992, 0.015664721407374398, 0.015454569246112973, 0.013950574241010061]}