{"x": [7.500000000000001e-10, 1e-09, 1.25e-09, 1.5000000000000002e-09, 1.7500000000000002e-09, 2e-09, 2.2500000000000003e-09, 2.5e-09, 2.7500000000000002e-09, 3.0000000000000004e-09, 3.25e-09, 3.5000000000000003e-09, 3.7500000000000005e-09, 4e-09, 4.25e-09, 4.500000000000001e-09, 4.75e-09, 5e-09, 5.250000000000001e-09, 5.5000000000000004e-09, 5.75e-09, 6.000000000000001e-09, 6.2500000000000005e-09, 6.5e-09, 6.75e-09, 7.000000000000001e-09, 7.25e-09, 7.500000000000001e-09, 7.75e-09, 8e-09, 8.250000000000001e-09, 8.5e-09, 8.75e-09, 9.000000000000001e-09, 9.25e-09], "y": [3.8266348839522495, 4.185568748813907, 4.584379221626973, 4.993880013357158, 5.346604195662326, 5.567299015643836, 5.665987236594376, 5.681358519408328, 5.673316317517089, 5.669300379516965, 5.65146863581273, 5.616782224766346, 5.601469083968979, 5.610935684442879, 5.610021933078274, 5.629126517720603, 5.623222417786853, 5.605243487491504, 5.610210048746959, 5.627355862092064, 5.616926263559543, 5.6045402663597805, 5.623473170488049, 5.605407705661938, 5.574037986082417, 5.599731275241286, 5.628290960119657, 5.61939154994556, 5.6078090429067045, 5.6364097037762315, 5.639163455636188, 5.61846194120129, 5.603317774716459, 5.619953223349974, 5.5859793624976675], "yerr": [0.013899234210233926, 0.01383612358200087, 0.014003689052665219, 0.015139941688243725, 0.014479530598696246, 0.012864004354961522, 0.012819317597021629, 0.015051120712334054, 0.014431850474937375, 0.013199087520731219, 0.013330257577072676, 0.013389211800716195, 0.012315180247166222, 0.013309183827430217, 0.01481791685185639, 0.014699103630907689, 0.014657220758647048, 0.014012383117144528, 0.013726209277797214, 0.01365794489610933, 0.013854279954689559, 0.013753494320580293, 0.014256296976709432, 0.013129733172426872, 0.013579479813962717, 0.013860465607175866, 0.011205210401602684, 0.012388249580518184, 0.012951852813436882, 0.012935433446497184, 0.014541969866630441, 0.014529395623564109, 0.0134560625898284, 0.013440947349873252, 0.013155051315559316]}