{"x": [1e-09, 1.25e-09, 1.5000000000000002e-09, 1.7500000000000002e-09, 2e-09, 2.2500000000000003e-09, 2.5e-09, 2.7500000000000002e-09, 3.0000000000000004e-09, 3.25e-09, 3.5000000000000003e-09, 3.7500000000000005e-09, 4e-09, 4.25e-09, 4.500000000000001e-09, 4.75e-09, 5e-09, 5.250000000000001e-09, 5.5000000000000004e-09, 5.75e-09, 6.000000000000001e-09, 6.2500000000000005e-09, 6.5e-09, 6.75e-09, 7.000000000000001e-09, 7.25e-09, 7.500000000000001e-09, 7.75e-09, 8e-09, 8.250000000000001e-09, 8.5e-09, 8.75e-09, 9.000000000000001e-09, 9.25e-09], "y": [2.062467052225255, 2.1859057024820334, 2.329069679310951, 2.4676907687596215, 2.5974363446520323, 2.689606772766629, 2.760753085302022, 2.80999000570233, 2.8272030967159902, 2.820845178287257, 2.8159268652450846, 2.8216337117034764, 2.8153122291107855, 2.8014655606655663, 2.800376209151368, 2.7940840990010294, 2.798742884087586, 2.8030974469176617, 2.7940953622410087, 2.8016509474211353, 2.7988810325624955, 2.802580280718813, 2.8014875534689567, 2.802161064919991, 2.791235288376471, 2.7903555983814163, 2.795915038624276, 2.8005061303887135, 2.802408458506964, 2.8041431854905574, 2.8150701390606456, 2.805959480561191, 2.7947512524740405, 2.8082069703848602], "yerr": [0.008473652110484993, 0.008640846653965256, 0.007924008061781576, 0.00823528948376992, 0.009185714759212536, 0.009432414723027908, 0.009130592783044136, 0.00827895291423849, 0.007791178039899978, 0.008276044262982866, 0.008842363700816858, 0.008682678971622546, 0.008190331143061454, 0.008324106559755042, 0.008729064379160118, 0.008616182878044703, 0.008684065758289141, 0.008347528894096493, 0.0101144164747274, 0.009206999969491498, 0.008261522680501543, 0.008681659338321535, 0.008287571111176027, 0.008340587266181074, 0.008659312728565793, 0.008631804930922953, 0.00871813817174245, 0.007693160661699651, 0.008628448586090465, 0.008525877497716234, 0.00844386513875031, 0.008234078668486475, 0.008279949717065475, 0.00820390531776893]}