{"x": [1e-09, 1.25e-09, 1.5000000000000002e-09, 1.7500000000000002e-09, 2e-09, 2.2500000000000003e-09, 2.5e-09, 2.7500000000000002e-09, 3.0000000000000004e-09, 3.25e-09, 3.5000000000000003e-09, 3.7500000000000005e-09, 4e-09, 4.25e-09, 4.500000000000001e-09, 4.75e-09, 5e-09, 5.250000000000001e-09, 5.5000000000000004e-09, 5.75e-09, 6.000000000000001e-09, 6.2500000000000005e-09, 6.5e-09, 6.75e-09, 7.000000000000001e-09, 7.25e-09, 7.500000000000001e-09, 7.75e-09, 8e-09, 8.250000000000001e-09, 8.5e-09, 8.75e-09, 9.000000000000001e-09, 9.25e-09], "y": [2.0763839440153404, 2.1968939231469093, 2.328544194630794, 2.469486409889457, 2.582165067613792, 2.68491187177735, 2.7375696659540276, 2.779935062639772, 2.806609187216007, 2.81877700001253, 2.824552367403125, 2.815318915596372, 2.812851474805798, 2.7994264295322093, 2.8063916779534486, 2.817318840187609, 2.801623474941422, 2.7979004886058387, 2.796864816499307, 2.7954383394146998, 2.7984135147139355, 2.789563120286888, 2.7842735542007873, 2.7929839063505013, 2.8015043177799632, 2.8060454175057976, 2.7925751858213466, 2.7865883814936363, 2.7913333203802786, 2.800473154430448, 2.798849219748592, 2.809934555981007, 2.814796579824529, 2.8117079045309334], "yerr": [0.006459807026050497, 0.007074263074625467, 0.007854782666359096, 0.007739464695149671, 0.007991684742759502, 0.0072931604635209065, 0.007381299492124343, 0.0077628118730902395, 0.006923141577953805, 0.007461922329075279, 0.007806551972575999, 0.007572221272183275, 0.007125786771946899, 0.007368381047630777, 0.007400341257128976, 0.0068834166167796446, 0.006951520546669528, 0.00661988424186897, 0.006677427987925526, 0.00728549955932591, 0.007431469317725638, 0.006392429095129629, 0.006762178634245966, 0.005938673931081098, 0.00789123082107584, 0.007430003576942598, 0.0071514858193081855, 0.007182618247300089, 0.00664251537310913, 0.007199514139884957, 0.00803528488131482, 0.007960004188379027, 0.007709667428709, 0.00816232023122364]}