{"x": [7.500000000000001e-10, 1e-09, 1.25e-09, 1.5000000000000002e-09, 1.7500000000000002e-09, 2e-09, 2.2500000000000003e-09, 2.5e-09, 2.7500000000000002e-09, 3.0000000000000004e-09, 3.25e-09, 3.5000000000000003e-09, 3.7500000000000005e-09, 4e-09, 4.25e-09, 4.500000000000001e-09, 4.75e-09, 5e-09, 5.250000000000001e-09, 5.5000000000000004e-09, 5.75e-09, 6.000000000000001e-09, 6.2500000000000005e-09, 6.5e-09, 6.75e-09, 7.000000000000001e-09, 7.25e-09, 7.500000000000001e-09, 7.75e-09, 8e-09, 8.250000000000001e-09, 8.5e-09, 8.75e-09, 9.000000000000001e-09, 9.25e-09], "y": [21.297132615894498, 24.31253327886196, 26.247854481376322, 27.185021034409758, 27.84327317312484, 28.009514969762275, 28.131327714694127, 28.059275275951286, 28.03440306264877, 28.10406956638068, 28.111618005800874, 28.05065081669308, 28.154999962632505, 28.089023599621264, 28.12293359383599, 28.251966762001192, 28.16259419799916, 28.15363846420365, 28.156410156534992, 28.105895869071663, 28.016034127431222, 28.080080287089395, 28.156878654150738, 28.211171349830174, 28.14180251590111, 28.055258390643953, 28.103607335838593, 28.02373022339051, 28.091888155511768, 28.151109189322966, 28.226915552617044, 28.087611740100865, 28.142821500220393, 28.099684136667037, 28.108871629688988], "yerr": [0.05636798442645059, 0.05684540215585905, 0.06502614180862408, 0.06109105561442744, 0.054399586441585504, 0.06015012622418545, 0.05467205072884344, 0.06235601895986777, 0.05864497186895051, 0.05804042514807858, 0.05478824013990831, 0.05065221697438253, 0.057967865284565566, 0.05782203092140943, 0.057837726503064346, 0.05693418671267444, 0.05633866145740428, 0.06230061539160031, 0.057520517444290375, 0.06770086272984391, 0.05921390265341533, 0.059327511264987, 0.0595291555100977, 0.06413531779787612, 0.05497819625050693, 0.06526303288125154, 0.05191260544412679, 0.05962483393123154, 0.05999939493310926, 0.0625277981862668, 0.056076556575338186, 0.05657978170517457, 0.06146544248688092, 0.0651214690585458, 0.06227169126565424]}