{"x": [7.500000000000001e-10, 1e-09, 1.25e-09, 1.5000000000000002e-09, 1.7500000000000002e-09, 2e-09, 2.2500000000000003e-09, 2.5e-09, 2.7500000000000002e-09, 3.0000000000000004e-09, 3.25e-09, 3.5000000000000003e-09, 3.7500000000000005e-09, 4e-09, 4.25e-09, 4.500000000000001e-09, 4.75e-09, 5e-09, 5.250000000000001e-09, 5.5000000000000004e-09, 5.75e-09, 6.000000000000001e-09, 6.2500000000000005e-09, 6.5e-09, 6.75e-09, 7.000000000000001e-09, 7.25e-09, 7.500000000000001e-09, 7.75e-09, 8e-09, 8.250000000000001e-09, 8.5e-09, 8.75e-09, 9.000000000000001e-09, 9.25e-09], "y": [21.31463625207095, 24.90388760842156, 27.069213279966053, 27.99883348705223, 28.259652638506168, 28.143419139891925, 28.078579028315744, 28.191503401834957, 28.206886326811784, 28.182351793391657, 28.12471247225629, 28.145726956586778, 28.01473869619235, 28.157767059200996, 28.175438666031283, 28.189646315385122, 28.150175723998835, 28.084781834678537, 28.09295337162548, 28.094665918746355, 28.08219693039048, 28.087901609630766, 28.131057633940003, 28.160442498200545, 28.215711246520712, 28.14819955010047, 28.126922492767154, 27.9674002504947, 28.053385730903607, 28.00100551791988, 28.146880743239887, 28.1725745647829, 28.152909403265458, 28.098137916470677, 28.218780772712126], "yerr": [0.05562773161250554, 0.05058486180304098, 0.060052277397285046, 0.06010375130269391, 0.05523418289887855, 0.055177161907974545, 0.05903682845931228, 0.05646178828652818, 0.05951869409344215, 0.052804708848634696, 0.056765357708161525, 0.05391642309841389, 0.06198042051219451, 0.05114634717921673, 0.059271622658707265, 0.05720944626375517, 0.055735877781328456, 0.05581826845113985, 0.05518956134920659, 0.05319242614342301, 0.05937807760803289, 0.06533007136568328, 0.05761945253785809, 0.04828968424848821, 0.060602343246128676, 0.05765372938101058, 0.051341684770408694, 0.05420028182793869, 0.05056684108171321, 0.06090507740589581, 0.05980892974648745, 0.05224187752749582, 0.06184273671891712, 0.06096736106353586, 0.06522475242536828]}