{"x": [1e-09, 1.25e-09, 1.5000000000000002e-09, 1.7500000000000002e-09, 2e-09, 2.2500000000000003e-09, 2.5e-09, 2.7500000000000002e-09, 3.0000000000000004e-09, 3.25e-09, 3.5000000000000003e-09, 3.7500000000000005e-09, 4e-09, 4.25e-09, 4.500000000000001e-09, 4.75e-09, 5e-09, 5.250000000000001e-09, 5.5000000000000004e-09, 5.75e-09, 6.000000000000001e-09, 6.2500000000000005e-09, 6.5e-09, 6.75e-09, 7.000000000000001e-09, 7.25e-09, 7.500000000000001e-09, 7.75e-09, 8e-09, 8.250000000000001e-09, 8.5e-09, 8.75e-09, 9.000000000000001e-09, 9.25e-09], "y": [1.052678600743878, 1.0822352733879554, 1.121559577791302, 1.1679297500944608, 1.2142825421056895, 1.2569255760505988, 1.3025676231225156, 1.3419699441692092, 1.3734165289279923, 1.3919651371367145, 1.4119870198830065, 1.4150187091897017, 1.4132600886723423, 1.4198557462316959, 1.4100120527982698, 1.4077962792530405, 1.4061157509824442, 1.4070496336893155, 1.4014101415940474, 1.3921162186926526, 1.3955297287601882, 1.3997742865493041, 1.3968439913995174, 1.3898367484140752, 1.3968676722882654, 1.4028865644178605, 1.4048374352356503, 1.4023255209171348, 1.4033931904622625, 1.3999311951833824, 1.3939704345329866, 1.3964709347640218, 1.401106463547925, 1.4050133756446328], "yerr": [0.004308231816934299, 0.00400127610774892, 0.004110189077879129, 0.004583854341005789, 0.004133700788132173, 0.0041769065728683216, 0.004254117299538666, 0.004589621812253477, 0.004325125696708015, 0.004532888622245845, 0.004273558549379561, 0.004577710165970116, 0.004066914770553066, 0.004691190671689458, 0.00492484816632415, 0.005155385799160444, 0.005164810610155191, 0.004866301895277419, 0.004491568058621383, 0.004332670358033154, 0.004541468265379895, 0.00479251047770988, 0.00536322245984879, 0.005256509289743487, 0.005034394899152452, 0.00510816186984336, 0.004707740416386558, 0.00508171269802061, 0.004677035351535378, 0.004745363320401359, 0.005188166863456381, 0.00446775945003707, 0.0044563336630282745, 0.004379502128450477]}