{"x": [1e-09, 1.25e-09, 1.5000000000000002e-09, 1.7500000000000002e-09, 2e-09, 2.2500000000000003e-09, 2.5e-09, 2.7500000000000002e-09, 3.0000000000000004e-09, 3.25e-09, 3.5000000000000003e-09, 3.7500000000000005e-09, 4e-09, 4.25e-09, 4.500000000000001e-09, 4.75e-09, 5e-09, 5.250000000000001e-09, 5.5000000000000004e-09, 5.75e-09, 6.000000000000001e-09, 6.2500000000000005e-09, 6.5e-09, 6.75e-09, 7.000000000000001e-09, 7.25e-09, 7.500000000000001e-09, 7.75e-09, 8e-09, 8.250000000000001e-09, 8.5e-09, 8.75e-09, 9.000000000000001e-09, 9.25e-09], "y": [1.1247704068660156, 1.1456491011773502, 1.1719477967494307, 1.2024049844533942, 1.2254327745275853, 1.2530061849771363, 1.2741140325770877, 1.2903346543594434, 1.3060850833658133, 1.3205001368051748, 1.3331163182691321, 1.3457150223325356, 1.3582761764285267, 1.3667384544590568, 1.369804338963189, 1.377094444528792, 1.3803365545207187, 1.3800685724505002, 1.380895928108815, 1.3834300367684231, 1.3898662999254952, 1.3935107932427366, 1.3866946841843966, 1.3854362269708487, 1.386299271852453, 1.3881530644113529, 1.3915638126719745, 1.3952236315717743, 1.4015268628435005, 1.404694592604807, 1.401675477699688, 1.4048767761117198, 1.4054888238063594, 1.409579887886511], "yerr": [0.0038338769187149496, 0.004037967053638157, 0.004086602433504178, 0.004267556972539932, 0.004168712494237802, 0.004130498798610938, 0.00469143049240616, 0.004075160584849243, 0.003951132013188317, 0.004256436628281563, 0.004746803230661591, 0.004340289472377767, 0.004406926393131265, 0.00457055539531452, 0.004315117727405617, 0.004104073857699123, 0.0043826162927678505, 0.0043285297844462235, 0.004283296843370217, 0.0042542649843474705, 0.004074088548531281, 0.0042380820481355075, 0.004163975650631622, 0.004459910372760442, 0.004210326623921166, 0.0045805727841452, 0.004785600986190776, 0.004851668809193554, 0.0042874937830136685, 0.004248274792770811, 0.004110399784110674, 0.0042442317492092435, 0.004304489610069165, 0.004318541874923916]}