{"x": [7.500000000000001e-10, 1e-09, 1.25e-09, 1.5000000000000002e-09, 1.7500000000000002e-09, 2e-09, 2.2500000000000003e-09, 2.5e-09, 2.7500000000000002e-09, 3.0000000000000004e-09, 3.25e-09, 3.5000000000000003e-09, 3.7500000000000005e-09, 4e-09, 4.25e-09, 4.500000000000001e-09, 4.75e-09, 5e-09, 5.250000000000001e-09, 5.5000000000000004e-09, 5.75e-09, 6.000000000000001e-09, 6.2500000000000005e-09, 6.5e-09, 6.75e-09, 7.000000000000001e-09, 7.25e-09, 7.500000000000001e-09, 7.75e-09, 8e-09, 8.250000000000001e-09, 8.5e-09, 8.75e-09, 9.000000000000001e-09, 9.25e-09], "y": [20.359182489509678, 28.195526092086734, 33.12038762999309, 31.364345097630725, 27.565782579361656, 26.277437200838527, 27.094701193870037, 28.354216756860428, 28.772014625691973, 28.504646347617218, 28.054637306072085, 27.92619190176692, 27.970598249233273, 28.121929400845506, 28.113677008337998, 28.11264599962034, 28.267023270416427, 28.053607981889648, 28.075072151807568, 28.188983620008464, 28.167152280567045, 28.093138115889296, 28.029479672999226, 28.1465668880914, 28.155451162471948, 28.017455800926527, 28.11183760855255, 28.31323091919073, 28.087704241983474, 28.012106887398218, 28.04461277834574, 28.151464845356564, 28.246745219482317, 28.02844736072065, 28.16596580380813], "yerr": [0.07848681666901655, 0.07438756858457583, 0.08305707562809281, 0.06879032071902477, 0.07310830768979444, 0.07502977750919158, 0.08026404433182899, 0.08192272193008854, 0.07871286837872891, 0.07137925978235231, 0.07458505999660041, 0.07618253044944595, 0.0753048928264941, 0.07123998139841163, 0.0671526194172212, 0.06460373757055954, 0.06643358785518896, 0.06832869110210195, 0.08368886312778397, 0.07199477846599425, 0.0805804694893984, 0.06326929564030125, 0.06632521590704084, 0.07735787758323101, 0.06418886323454254, 0.06587059434194882, 0.06932036195119623, 0.07301549453230165, 0.07303057728431142, 0.0769595363854445, 0.06298465113822214, 0.07851497380934698, 0.059814624135082595, 0.0692222873664986, 0.07366064101971954]}