{"x": [1e-09, 1.25e-09, 1.5000000000000002e-09, 1.7500000000000002e-09, 2e-09, 2.2500000000000003e-09, 2.5e-09, 2.7500000000000002e-09, 3.0000000000000004e-09, 3.25e-09, 3.5000000000000003e-09, 3.7500000000000005e-09, 4e-09, 4.25e-09, 4.500000000000001e-09, 4.75e-09, 5e-09, 5.250000000000001e-09, 5.5000000000000004e-09, 5.75e-09, 6.000000000000001e-09, 6.2500000000000005e-09, 6.5e-09, 6.75e-09, 7.000000000000001e-09, 7.25e-09, 7.500000000000001e-09, 7.75e-09, 8e-09, 8.250000000000001e-09, 8.5e-09, 8.75e-09, 9.000000000000001e-09, 9.25e-09], "y": [1.0219461999993855, 1.0553572191287455, 1.1016979873760302, 1.1499131914115377, 1.2092594211525551, 1.264870317714503, 1.3312888164207204, 1.3813243515294922, 1.4209555645964342, 1.4427143095193335, 1.4508096794747172, 1.44974437105474, 1.4388239980071462, 1.4248060057992584, 1.4122661278690607, 1.40870938561257, 1.4004945292361046, 1.3880488246401912, 1.3942830480973674, 1.3931296819301209, 1.3940845838495222, 1.4012308819526846, 1.3999798509872443, 1.4051417455097706, 1.4024492246316307, 1.4031869841326643, 1.3962335409521291, 1.3934722800271515, 1.3996497438958317, 1.4021403485894046, 1.3980064517112312, 1.4041845990226678, 1.4018014588024785, 1.3991132641383692], "yerr": [0.005278270377503819, 0.005190685573281786, 0.005571020927373573, 0.005727148966589195, 0.00518375693125181, 0.00609483325037655, 0.006267667473737713, 0.005533064039940497, 0.005955439682425002, 0.00613717639346344, 0.0069292489392172845, 0.005869877583191719, 0.006631270922920063, 0.005273952522330464, 0.005739299331496557, 0.0059121858802392915, 0.005403529258977077, 0.005198108994927041, 0.005729254447643455, 0.006765199910473401, 0.006222851291392287, 0.006159386655641767, 0.005616416283953544, 0.006809609066456721, 0.00559575018804125, 0.005609895343508554, 0.005903918401818069, 0.006665922027455792, 0.006195368025454951, 0.0064510706336068525, 0.006968252005043996, 0.0060547591631247046, 0.006181889554648111, 0.006164736987218082]}