{"x": [7.500000000000001e-10, 1e-09, 1.25e-09, 1.5000000000000002e-09, 1.7500000000000002e-09, 2e-09, 2.2500000000000003e-09, 2.5e-09, 2.7500000000000002e-09, 3.0000000000000004e-09, 3.25e-09, 3.5000000000000003e-09, 3.7500000000000005e-09, 4e-09, 4.25e-09, 4.500000000000001e-09, 4.75e-09, 5e-09, 5.250000000000001e-09, 5.5000000000000004e-09, 5.75e-09, 6.000000000000001e-09, 6.2500000000000005e-09, 6.5e-09, 6.75e-09, 7.000000000000001e-09, 7.25e-09, 7.500000000000001e-09, 7.75e-09, 8e-09, 8.250000000000001e-09, 8.5e-09, 8.75e-09, 9.000000000000001e-09, 9.25e-09], "y": [20.827931510646817, 26.87235035251941, 30.295351547959356, 29.889402580267394, 28.6288910907644, 27.74721467331555, 27.749886992033375, 27.999917856085222, 28.171528973569732, 28.158756080190248, 28.0698672124827, 28.13155080099076, 28.136164577388623, 28.14259968076642, 28.21041070149087, 28.068183118067356, 28.154978263614492, 28.04744399762975, 28.07475904799087, 28.115890063852635, 28.210073044426842, 28.191214025559365, 28.137660050764694, 28.080713947212864, 28.07358161094945, 28.061262908921528, 28.16974388622113, 28.152797348159687, 28.144140264272334, 28.118635290911723, 28.140200858471733, 28.111557534104165, 28.06684241083602, 28.087101177046744, 28.145243393147947], "yerr": [0.05989330878171856, 0.06595457141986787, 0.07737709066033115, 0.0736261166072514, 0.09108473056230657, 0.06579338343376166, 0.07668518308918049, 0.06937237420830762, 0.07708443404648745, 0.06669232100459599, 0.0739499161326983, 0.07855197935571887, 0.0647859731717152, 0.07703463441820058, 0.06817875646716023, 0.06801442217510602, 0.07898526229760743, 0.07671081318582389, 0.06841249468433741, 0.07725681462974678, 0.07266942571035583, 0.0835544001117028, 0.07904934269940588, 0.08281055143528747, 0.07702649430491952, 0.07994960258065223, 0.0750954045606125, 0.0740992388949287, 0.070847842917266, 0.07799036883690143, 0.07003092210173202, 0.0718856368946169, 0.06276462274350178, 0.07081996063524297, 0.06883634630026866]}