{"x": [7.500000000000001e-10, 1e-09, 1.25e-09, 1.5000000000000002e-09, 1.7500000000000002e-09, 2e-09, 2.2500000000000003e-09, 2.5e-09, 2.7500000000000002e-09, 3.0000000000000004e-09, 3.25e-09, 3.5000000000000003e-09, 3.7500000000000005e-09, 4e-09, 4.25e-09, 4.500000000000001e-09, 4.75e-09, 5e-09, 5.250000000000001e-09, 5.5000000000000004e-09, 5.75e-09, 6.000000000000001e-09, 6.2500000000000005e-09, 6.5e-09, 6.75e-09, 7.000000000000001e-09, 7.25e-09, 7.500000000000001e-09, 7.75e-09, 8e-09, 8.250000000000001e-09, 8.5e-09, 8.75e-09, 9.000000000000001e-09, 9.25e-09], "y": [3.758025149818531, 4.090146238127956, 4.549719204380081, 5.030930757197596, 5.444691290850548, 5.69822123599781, 5.810060853454956, 5.797100569165406, 5.7283460449201105, 5.662416086303538, 5.633200880351137, 5.607864436764512, 5.587142397371703, 5.583674887907141, 5.630598841447774, 5.620983425610298, 5.612948192516537, 5.581254584746401, 5.60444832779468, 5.612575889880287, 5.607811641988758, 5.596955321183385, 5.61688212346898, 5.622125840397352, 5.6582013507882785, 5.625543675628021, 5.625364627709377, 5.6517908195945905, 5.624516246943727, 5.6074961102884835, 5.584664434769206, 5.588355243643965, 5.592514818725286, 5.606176824360655, 5.642958028663071], "yerr": [0.015306180332913288, 0.015295235906557925, 0.016800753429750157, 0.017913346007849894, 0.014504156682537689, 0.01280203979184108, 0.01698433542729797, 0.0166470249887665, 0.014597674946905299, 0.01636682656037838, 0.015910844729026867, 0.016371269689342844, 0.015592710358632939, 0.016807106775912368, 0.016902373665655283, 0.017840914784886856, 0.015154681340895596, 0.01444264063604699, 0.014991677173513471, 0.01636090420106309, 0.014221141361423283, 0.015737341711246553, 0.0150750058959823, 0.015696933366069858, 0.01794093290364026, 0.017301106935250034, 0.016539803568896155, 0.015495420085938367, 0.015277789613702842, 0.014669960277990007, 0.014510353051736525, 0.01655052984766311, 0.016375107318311606, 0.01653540387127641, 0.01631531177435328]}