{"x": [7.500000000000001e-10, 1e-09, 1.25e-09, 1.5000000000000002e-09, 1.7500000000000002e-09, 2e-09, 2.2500000000000003e-09, 2.5e-09, 2.7500000000000002e-09, 3.0000000000000004e-09, 3.25e-09, 3.5000000000000003e-09, 3.7500000000000005e-09, 4e-09, 4.25e-09, 4.500000000000001e-09, 4.75e-09, 5e-09, 5.250000000000001e-09, 5.5000000000000004e-09, 5.75e-09, 6.000000000000001e-09, 6.2500000000000005e-09, 6.5e-09, 6.75e-09, 7.000000000000001e-09, 7.25e-09, 7.500000000000001e-09, 7.75e-09, 8e-09, 8.250000000000001e-09, 8.5e-09, 8.75e-09, 9.000000000000001e-09, 9.25e-09], "y": [3.8872138605813245, 4.205945197743353, 4.575974222533362, 4.941445283234132, 5.215013511086897, 5.414904513096255, 5.544060640876748, 5.617799261767793, 5.636521453100231, 5.61866732905661, 5.620416685262674, 5.64842538749847, 5.639048165052506, 5.647344941077034, 5.647705431865323, 5.639053437297623, 5.614807375017208, 5.606662094381834, 5.620268828375742, 5.618155336628175, 5.612434341028445, 5.595606116239085, 5.595108681261471, 5.607196146678477, 5.586365965005648, 5.592469031994178, 5.610313585335885, 5.604518477598154, 5.629167039085194, 5.608990693360221, 5.638415920283633, 5.637946505598701, 5.599087054196343, 5.606027970267406, 5.597023395488358], "yerr": [0.015739980258574593, 0.016241182035406587, 0.014313362579860142, 0.013957349430747779, 0.015946624334392753, 0.014917565220180975, 0.015789299742853695, 0.016094417293014748, 0.018211935763020683, 0.017382015556884636, 0.014975136296350153, 0.016197842782121098, 0.017208600544549715, 0.018226194199879416, 0.01953150678269403, 0.018571973801944034, 0.018160631581921105, 0.018970487352725933, 0.016912641585968835, 0.015264579019435268, 0.018488296930935774, 0.016978473511370884, 0.017829828981788, 0.01557372071062534, 0.015840071480299416, 0.015991227315131685, 0.01731972814224428, 0.015931735022209965, 0.016978500256049994, 0.016354386610258002, 0.015703797870594942, 0.015193173924812365, 0.016902886724410517, 0.01439477919933182, 0.018123849528795834]}