{"x": [7.500000000000001e-10, 1e-09, 1.25e-09, 1.5000000000000002e-09, 1.7500000000000002e-09, 2e-09, 2.2500000000000003e-09, 2.5e-09, 2.7500000000000002e-09, 3.0000000000000004e-09, 3.25e-09, 3.5000000000000003e-09, 3.7500000000000005e-09, 4e-09, 4.25e-09, 4.500000000000001e-09, 4.75e-09, 5e-09, 5.250000000000001e-09, 5.5000000000000004e-09, 5.75e-09, 6.000000000000001e-09, 6.2500000000000005e-09, 6.5e-09, 6.75e-09, 7.000000000000001e-09, 7.25e-09, 7.500000000000001e-09, 7.75e-09, 8e-09, 8.250000000000001e-09, 8.5e-09, 8.75e-09, 9.000000000000001e-09, 9.25e-09], "y": [19.847858920141682, 28.288187265926943, 35.92705278303909, 32.35181726430936, 26.221817904161277, 24.60697946695174, 26.676805737067333, 29.320595742046724, 29.80373679990753, 28.582458360429396, 27.330719997707376, 27.348488634771574, 28.114710199167625, 28.452818212009852, 28.47079435249699, 28.150653915741415, 27.858180847363318, 27.955548451222818, 28.12814659978141, 28.24755211021354, 28.262232168114586, 28.09490763155805, 28.068097934001273, 27.953057500732207, 28.08997681543534, 28.289193045011995, 28.198431031992524, 28.115112392709115, 28.074424428001254, 28.010382123782993, 28.0940128898367, 28.263329119571583, 28.055878911598665, 28.123998605754977, 28.131615126145842], "yerr": [0.06572128433549257, 0.07876642936408801, 0.089972091710526, 0.07599042517518421, 0.07160586907047269, 0.0847686181299388, 0.06817560089113917, 0.08256648362747053, 0.08163965514332931, 0.07191864503348172, 0.07576941094036659, 0.07722794135521718, 0.08413012383675765, 0.08910766576213897, 0.08362970678874142, 0.0760042687049619, 0.07634893437071018, 0.06948566469314067, 0.07198020570658088, 0.07540428108771371, 0.08040729764130315, 0.08129048220179762, 0.07106159219165566, 0.07801064318422807, 0.0809707312700331, 0.07667085087474347, 0.0723196399964984, 0.07412032872715114, 0.07274834161600499, 0.07148034229869363, 0.07247484805873296, 0.07126891271961895, 0.06642633589221911, 0.08640303172349759, 0.07757588887990648]}