{"x": [7.500000000000001e-10, 1e-09, 1.25e-09, 1.5000000000000002e-09, 1.7500000000000002e-09, 2e-09, 2.2500000000000003e-09, 2.5e-09, 2.7500000000000002e-09, 3.0000000000000004e-09, 3.25e-09, 3.5000000000000003e-09, 3.7500000000000005e-09, 4e-09, 4.25e-09, 4.500000000000001e-09, 4.75e-09, 5e-09, 5.250000000000001e-09, 5.5000000000000004e-09, 5.75e-09, 6.000000000000001e-09, 6.2500000000000005e-09, 6.5e-09, 6.75e-09, 7.000000000000001e-09, 7.25e-09, 7.500000000000001e-09, 7.75e-09, 8e-09, 8.250000000000001e-09, 8.5e-09, 8.75e-09, 9.000000000000001e-09, 9.25e-09], "y": [19.22897655472067, 27.31988275683589, 41.65887945789909, 35.84151942961723, 21.245646941505903, 19.938605873058123, 25.586689017958168, 33.941498946852924, 34.129350618737014, 27.26834104007093, 23.41873394185217, 24.93203162035586, 29.674644665996027, 32.03611603525596, 29.463278990939028, 25.908407131477805, 25.63460040599852, 27.94223802469023, 30.192912308919784, 29.557902024751744, 27.46233854005685, 26.73805474238669, 27.452493497577027, 28.74031444256307, 29.276851492634258, 28.293593441171218, 27.325769239997513, 27.38204376405549, 28.373042048002752, 28.746459662893514, 28.52770744029775, 27.852301803818477, 27.3897417108848, 27.962467452305926, 28.690064262705683], "yerr": [0.12824908789673664, 0.11067000459943409, 0.17626130402431095, 0.1631232097145981, 0.10944983787241369, 0.14096879684244437, 0.12692109490472056, 0.1477308095858425, 0.17947125728194835, 0.13065914071791218, 0.13233789355176442, 0.14457416509149207, 0.14172520935825927, 0.1423793521996189, 0.13076314786201035, 0.12072223352617856, 0.11635248199750167, 0.1360653018748123, 0.13211149634051952, 0.1312820189711145, 0.13080668201571152, 0.1321836266236187, 0.12990146459928764, 0.1221984262093279, 0.1402089157567041, 0.13397253086875163, 0.12005001785918407, 0.12908896236719028, 0.10388682260065188, 0.117701417845513, 0.12162667835158808, 0.12183081006928284, 0.11475458216319215, 0.1360199056992673, 0.12949620034660822]}