{"x": [1e-09, 1.25e-09, 1.5000000000000002e-09, 1.7500000000000002e-09, 2e-09, 2.2500000000000003e-09, 2.5e-09, 2.7500000000000002e-09, 3.0000000000000004e-09, 3.25e-09, 3.5000000000000003e-09, 3.7500000000000005e-09, 4e-09, 4.25e-09, 4.500000000000001e-09, 4.75e-09, 5e-09, 5.250000000000001e-09, 5.5000000000000004e-09, 5.75e-09, 6.000000000000001e-09, 6.2500000000000005e-09, 6.5e-09, 6.75e-09, 7.000000000000001e-09, 7.25e-09, 7.500000000000001e-09, 7.75e-09, 8e-09, 8.250000000000001e-09, 8.5e-09, 8.75e-09, 9.000000000000001e-09, 9.25e-09], "y": [2.261561388089031, 2.317849355730969, 2.370292918393549, 2.431388047359332, 2.483663817967151, 2.5330443024399543, 2.5726906093958446, 2.6159179698123736, 2.6428437327647236, 2.668982013288865, 2.695315120846293, 2.708140577996203, 2.7148311271304166, 2.725379438764543, 2.7342305224358405, 2.745107856248925, 2.7608748522941347, 2.757905929424389, 2.7640471876254327, 2.7704059596118795, 2.7655095561881247, 2.770580277708672, 2.7796259094899276, 2.7900087250799115, 2.7828924560162123, 2.7865987441589097, 2.802524723364421, 2.8028821272594513, 2.8073904251781427, 2.7980250850513575, 2.797916085195692, 2.7889344260883098, 2.791487719665562, 2.7931441568638107], "yerr": [0.008251472545064018, 0.0086265321212068, 0.008291758726829319, 0.00824367086461715, 0.008504553906380531, 0.008452451163203907, 0.008515514712171471, 0.008303176345717148, 0.007994435127635854, 0.007997607116029617, 0.00793393699955978, 0.007867534807513373, 0.00852397449652289, 0.00870031861755759, 0.008633965264085988, 0.00858170654787221, 0.008882991456480794, 0.007869055761745906, 0.007903280623431475, 0.008341892474821595, 0.007665590239126384, 0.007923295044420771, 0.00809656005486648, 0.007509315940854773, 0.007647336831798718, 0.008077228909631265, 0.008316667715790814, 0.008617287556061344, 0.008957296038647816, 0.009537917658795058, 0.008869766510512194, 0.009072598150086687, 0.009512633932733052, 0.009593027953171147]}