{"x": [1e-09, 1.25e-09, 1.5000000000000002e-09, 1.7500000000000002e-09, 2e-09, 2.2500000000000003e-09, 2.5e-09, 2.7500000000000002e-09, 3.0000000000000004e-09, 3.25e-09, 3.5000000000000003e-09, 3.7500000000000005e-09, 4e-09, 4.25e-09, 4.500000000000001e-09, 4.75e-09, 5e-09, 5.250000000000001e-09, 5.5000000000000004e-09, 5.75e-09, 6.000000000000001e-09, 6.2500000000000005e-09, 6.5e-09, 6.75e-09, 7.000000000000001e-09, 7.25e-09, 7.500000000000001e-09, 7.75e-09, 8e-09, 8.250000000000001e-09, 8.5e-09, 8.75e-09, 9.000000000000001e-09, 9.25e-09], "y": [1.9292123209845338, 2.0722099034758603, 2.240463880615699, 2.432291044579741, 2.657680368079509, 2.9384205219677644, 3.1807525578793383, 3.2536857560438213, 3.194954265062711, 3.038860445398727, 2.843524556061923, 2.6989299250006167, 2.615733788888006, 2.5947063587046078, 2.6227276822270977, 2.6896634348301296, 2.7717211561255284, 2.8153266192507798, 2.8792532581492645, 2.901601846330498, 2.8881863085070596, 2.86561886254213, 2.8173223938533463, 2.7920406491585035, 2.75599218404014, 2.751974765763344, 2.765750056577245, 2.7567812323425485, 2.793184712549441, 2.813782388975434, 2.822146977497595, 2.8150525714893266, 2.809650745841374, 2.804993927191858], "yerr": [0.009623164271247306, 0.01031966107760765, 0.01121152714212028, 0.010577616934946667, 0.011854057969463564, 0.012080200734701944, 0.012973321425276295, 0.013997430660217596, 0.012794072605412685, 0.011249845437944732, 0.013136607040289917, 0.0102034358924207, 0.011396273491663384, 0.012945878976892604, 0.012680147445664685, 0.01027120862792794, 0.012458796015217427, 0.013070162673860566, 0.013319585880057156, 0.011651606798949391, 0.01115174126200099, 0.012325630275522876, 0.01174130540261014, 0.012807604635822655, 0.010988641138132752, 0.013842562334054566, 0.012149115051676599, 0.01167983760742886, 0.010556485026140875, 0.013212385046646439, 0.014165727797206745, 0.011008805818194948, 0.010713602596803989, 0.012733799837462595]}