{"x": [7.500000000000001e-10, 1e-09, 1.25e-09, 1.5000000000000002e-09, 1.7500000000000002e-09, 2e-09, 2.2500000000000003e-09, 2.5e-09, 2.7500000000000002e-09, 3.0000000000000004e-09, 3.25e-09, 3.5000000000000003e-09, 3.7500000000000005e-09, 4e-09, 4.25e-09, 4.500000000000001e-09, 4.75e-09, 5e-09, 5.250000000000001e-09, 5.5000000000000004e-09, 5.75e-09, 6.000000000000001e-09, 6.2500000000000005e-09, 6.5e-09, 6.75e-09, 7.000000000000001e-09, 7.25e-09, 7.500000000000001e-09, 7.75e-09, 8e-09, 8.250000000000001e-09, 8.5e-09, 8.75e-09, 9.000000000000001e-09, 9.25e-09], "y": [20.578163841525477, 27.59392446671325, 31.93239375025949, 30.77184563134259, 28.163914723393596, 26.878799108882912, 27.292768798442598, 28.185378872117976, 28.552761047937548, 28.337325438015647, 28.192101657622967, 27.927318009896783, 28.04797540625757, 28.026139840849467, 28.18243913653084, 28.103565789020998, 28.11851488130641, 28.251993371066085, 28.14995141295082, 28.07993773875506, 27.978213619391756, 28.108654511108153, 28.15737706379419, 28.176481499017864, 28.09420249134964, 28.264671482305797, 28.119852969801016, 27.940029671817836, 28.04236969597868, 28.10422338658988, 28.296624940792178, 28.16911678887094, 28.039688431115543, 28.131380689970925, 28.11452524336449], "yerr": [0.07352442391739171, 0.05744995935060623, 0.08224392152805976, 0.06726428286799824, 0.07641227591350282, 0.06871370248712108, 0.07565726823750557, 0.06963360339908577, 0.08511955940550722, 0.06908827898436436, 0.07226025464580739, 0.0654679767532924, 0.06294589845451289, 0.07138639052832979, 0.06840420542011717, 0.06303415775489318, 0.060714020116032934, 0.07806767391427041, 0.07078185510888818, 0.07454556564832847, 0.08620602004351018, 0.08265282067284473, 0.07554772519968393, 0.07344085112006674, 0.07952659960662482, 0.07509709657636793, 0.07247781884950831, 0.07688738470743244, 0.06784503570902636, 0.07062992104701395, 0.07212545215153648, 0.07491987816012431, 0.08734860348672167, 0.08094794482539265, 0.08590142091193291]}