{"x": [7.500000000000001e-10, 1e-09, 1.25e-09, 1.5000000000000002e-09, 1.7500000000000002e-09, 2e-09, 2.2500000000000003e-09, 2.5e-09, 2.7500000000000002e-09, 3.0000000000000004e-09, 3.25e-09, 3.5000000000000003e-09, 3.7500000000000005e-09, 4e-09, 4.25e-09, 4.500000000000001e-09, 4.75e-09, 5e-09, 5.250000000000001e-09, 5.5000000000000004e-09, 5.75e-09, 6.000000000000001e-09, 6.2500000000000005e-09, 6.5e-09, 6.75e-09, 7.000000000000001e-09, 7.25e-09, 7.500000000000001e-09, 7.75e-09, 8e-09, 8.250000000000001e-09, 8.5e-09, 8.75e-09, 9.000000000000001e-09, 9.25e-09], "y": [4.219066880235511, 4.42530911292781, 4.63061350126934, 4.8327360683634595, 4.996106048483162, 5.112971340343655, 5.227589993925434, 5.30339601375092, 5.375347385330501, 5.424735843968901, 5.461039010078265, 5.505784270183137, 5.526390427508415, 5.53754804352336, 5.549303465023114, 5.5659683598462, 5.57905949253905, 5.606250546123115, 5.6225220909360285, 5.612737006957158, 5.606258442030482, 5.597885630640263, 5.609583874480094, 5.614531362275831, 5.612400466786111, 5.609911854249284, 5.601331996818745, 5.61093665341604, 5.591318440021489, 5.60217190949931, 5.612318846690893, 5.617870941012603, 5.623704757199219, 5.622729568946994, 5.624030856857922], "yerr": [0.012061328569327288, 0.013514765959782068, 0.01458388697676622, 0.015292707903573304, 0.014093212536816953, 0.013719589628648589, 0.014063773297682124, 0.013285418405229331, 0.013097793316138253, 0.014172774168573269, 0.015760870760007355, 0.015642653173259923, 0.014640869341432763, 0.014092537733293366, 0.0136473581132751, 0.014706789518913741, 0.015328606766113475, 0.01445002133283297, 0.015589536682290673, 0.014838032062601857, 0.013976291157135872, 0.01497158804038901, 0.015348132409601763, 0.015553552981619825, 0.014883652993669009, 0.013886204985620558, 0.013683685754030998, 0.01337227488036419, 0.01374956386501327, 0.01361243992186428, 0.014030803608805332, 0.01350095149231586, 0.014133746949947517, 0.015042982408833982, 0.012657082244557633]}