{"x": [1e-09, 1.25e-09, 1.5000000000000002e-09, 1.7500000000000002e-09, 2e-09, 2.2500000000000003e-09, 2.5e-09, 2.7500000000000002e-09, 3.0000000000000004e-09, 3.25e-09, 3.5000000000000003e-09, 3.7500000000000005e-09, 4e-09, 4.25e-09, 4.500000000000001e-09, 4.75e-09, 5e-09, 5.250000000000001e-09, 5.5000000000000004e-09, 5.75e-09, 6.000000000000001e-09, 6.2500000000000005e-09, 6.5e-09, 6.75e-09, 7.000000000000001e-09, 7.25e-09, 7.500000000000001e-09, 7.75e-09, 8e-09, 8.250000000000001e-09, 8.5e-09, 8.75e-09, 9.000000000000001e-09, 9.25e-09], "y": [0.9851028188658917, 1.0164370776357237, 1.0587824562699555, 1.1062583736080456, 1.1752380287740698, 1.2510994971502514, 1.3291866157386205, 1.4205016327088773, 1.528961880978082, 1.6131457954484327, 1.6603747202938917, 1.6433640449599658, 1.5671845911085909, 1.468779791103858, 1.3724745737314348, 1.308967637056692, 1.2770721026717275, 1.2709564424222386, 1.2831435208750983, 1.3051048657143276, 1.3362648982097622, 1.3774357242219557, 1.4225823141263982, 1.4467476385716644, 1.472294533124731, 1.4777668013488892, 1.4732395814016042, 1.4533605661538973, 1.4312855559710769, 1.4079548589817008, 1.3758367727101473, 1.3694798570420943, 1.3552094023589427, 1.34699276440853], "yerr": [0.005096424072535354, 0.005585865624486486, 0.006671640169101964, 0.006351529306476883, 0.006167027357021699, 0.00616418106470617, 0.006390779896162293, 0.007155362692718885, 0.0063381740285972125, 0.006357339302105566, 0.006294553344245852, 0.007451872806404845, 0.0068720814003597605, 0.00726225830005749, 0.006846934386231212, 0.006512476547737739, 0.006524714134721888, 0.007338529313469322, 0.006049986828879513, 0.005951056770233486, 0.006611882524653376, 0.006996765897591636, 0.0076861272063126, 0.007573220058704606, 0.00753842278618431, 0.00724043031568674, 0.007288777964895994, 0.00796635627701169, 0.00898779210984128, 0.007030728752398328, 0.006632132389734918, 0.006806346257468391, 0.0073995944318986095, 0.008183665862914495]}