{"x": [7.500000000000001e-10, 1e-09, 1.25e-09, 1.5000000000000002e-09, 1.7500000000000002e-09, 2e-09, 2.2500000000000003e-09, 2.5e-09, 2.7500000000000002e-09, 3.0000000000000004e-09, 3.25e-09, 3.5000000000000003e-09, 3.7500000000000005e-09, 4e-09, 4.25e-09, 4.500000000000001e-09, 4.75e-09, 5e-09, 5.250000000000001e-09, 5.5000000000000004e-09, 5.75e-09, 6.000000000000001e-09, 6.2500000000000005e-09, 6.5e-09, 6.75e-09, 7.000000000000001e-09, 7.25e-09, 7.500000000000001e-09, 7.75e-09, 8e-09, 8.250000000000001e-09, 8.5e-09, 8.75e-09, 9.000000000000001e-09, 9.25e-09], "y": [3.8541023475519984, 4.184564886999501, 4.584559260230023, 4.957915999397421, 5.3175920836896875, 5.499600525909425, 5.624336048881174, 5.679068914105345, 5.684698809138277, 5.638938306077624, 5.617090804359245, 5.606287564154923, 5.602728117165345, 5.612293643396092, 5.634735722889953, 5.644035121952744, 5.6495729611777845, 5.627864873229296, 5.625462095435239, 5.59958225498974, 5.614634595018508, 5.6173443569549795, 5.573665478646479, 5.58998345870533, 5.599254413871558, 5.628946153018316, 5.638577514968009, 5.633828097380469, 5.646295516799036, 5.620893575484502, 5.608392514625113, 5.618971970050035, 5.59805579391255, 5.588569871906716, 5.591534642959697], "yerr": [0.01614038579679742, 0.01420229044994554, 0.014385973757631152, 0.016838879455285175, 0.016231482740923384, 0.017682322639066484, 0.017710851803745244, 0.014800557340576757, 0.016617756123527904, 0.01586914170706731, 0.01474339411959095, 0.016254834970503992, 0.018258801898122776, 0.01719478353834446, 0.015260100173487307, 0.01575753024799966, 0.01799401008293233, 0.01630628946291996, 0.01623005838600766, 0.01611543514383405, 0.01790858248166815, 0.019615541360037687, 0.016337633459876866, 0.01595996945401048, 0.016474975457977846, 0.015739356692705937, 0.017238869986270007, 0.01689937385524327, 0.015775040497222486, 0.014901898940076791, 0.016633994431329645, 0.01593025274692374, 0.01410807779366775, 0.01648774798837074, 0.019609983252623767]}