{"x": [1e-09, 1.25e-09, 1.5000000000000002e-09, 1.7500000000000002e-09, 2e-09, 2.2500000000000003e-09, 2.5e-09, 2.7500000000000002e-09, 3.0000000000000004e-09, 3.25e-09, 3.5000000000000003e-09, 3.7500000000000005e-09, 4e-09, 4.25e-09, 4.500000000000001e-09, 4.75e-09, 5e-09, 5.250000000000001e-09, 5.5000000000000004e-09, 5.75e-09, 6.000000000000001e-09, 6.2500000000000005e-09, 6.5e-09, 6.75e-09, 7.000000000000001e-09, 7.25e-09, 7.500000000000001e-09, 7.75e-09, 8e-09, 8.250000000000001e-09, 8.5e-09, 8.75e-09, 9.000000000000001e-09, 9.25e-09], "y": [1.9471252449893988, 2.0742709073439625, 2.228418787486498, 2.4219243780222324, 2.650875766608058, 2.956386444048196, 3.2410829495656728, 3.438540251953368, 3.357986269224431, 3.0908368310942955, 2.795209167802648, 2.5896938478509908, 2.483687892504549, 2.472388546458776, 2.547921666261746, 2.64993812453602, 2.779852781526718, 2.8957154046917877, 2.9624150736140256, 2.9915461807484998, 2.973823398880365, 2.893530771146648, 2.8060996869027695, 2.744515383338162, 2.704850849966426, 2.703369310195764, 2.717961338269276, 2.747637660977469, 2.7897029381107097, 2.812194298531153, 2.8273123444564505, 2.834975632774671, 2.832820971807236, 2.8182736905041637], "yerr": [0.013731444814437447, 0.012452459351117518, 0.011762735302475862, 0.012216425441289702, 0.012560561783032883, 0.012749586084395116, 0.015703911599552534, 0.014797099362928352, 0.013219995276577854, 0.01132566155999202, 0.012804382210181466, 0.012523279753006909, 0.013719124677268579, 0.013391516685115755, 0.014288699919428808, 0.014413926972785195, 0.014888011372880981, 0.012411411148024425, 0.013122692945779776, 0.015268329723073824, 0.013480518596761753, 0.011899548608637072, 0.012221690641173179, 0.01365890648291278, 0.013748496014924783, 0.011641926674776447, 0.012888237578854751, 0.011989694591871105, 0.014586710748634981, 0.013519154735920042, 0.013523020711837858, 0.014668534977336136, 0.01391227949152291, 0.012771583741611716]}