{"x": [7.500000000000001e-10, 1e-09, 1.25e-09, 1.5000000000000002e-09, 1.7500000000000002e-09, 2e-09, 2.2500000000000003e-09, 2.5e-09, 2.7500000000000002e-09, 3.0000000000000004e-09, 3.25e-09, 3.5000000000000003e-09, 3.7500000000000005e-09, 4e-09, 4.25e-09, 4.500000000000001e-09, 4.75e-09, 5e-09, 5.250000000000001e-09, 5.5000000000000004e-09, 5.75e-09, 6.000000000000001e-09, 6.2500000000000005e-09, 6.5e-09, 6.75e-09, 7.000000000000001e-09, 7.25e-09, 7.500000000000001e-09, 7.75e-09, 8e-09, 8.250000000000001e-09, 8.5e-09, 8.75e-09, 9.000000000000001e-09, 9.25e-09], "y": [3.6612197078271933, 3.991510652704656, 4.493818720723193, 5.033201490311452, 5.5889807327358625, 5.96346059545538, 6.1145683760359, 6.019524718024956, 5.822040118569372, 5.641953797752017, 5.5424880859563865, 5.459394931096145, 5.513729069396051, 5.551493025442586, 5.60290042162852, 5.670840849081214, 5.633375776432852, 5.627020123818629, 5.63259232055747, 5.605444712362678, 5.568482507373517, 5.590338666111, 5.619999672344971, 5.6427173434915705, 5.636933836282766, 5.609329284436245, 5.603460171901878, 5.591775232582171, 5.597565393011172, 5.609702847239983, 5.627480577372212, 5.613990589847378, 5.623352110441707, 5.615582544245589, 5.619244216345586], "yerr": [0.016674109484428233, 0.022621234345118507, 0.023970861493193774, 0.021444898074255064, 0.022216498756875473, 0.023043177173933078, 0.023692512647813076, 0.022868597216950108, 0.02183783818147978, 0.018758704649578, 0.02374352050424286, 0.02245575277337298, 0.02284597056012751, 0.023498107460020196, 0.023123048800355706, 0.02060481557801387, 0.020939682245467967, 0.02216157362007266, 0.024322654261229912, 0.020754283680164028, 0.024197714575878576, 0.02023408503564177, 0.0221387862727835, 0.02436284170638616, 0.02208355380101531, 0.022960826565188393, 0.02164507863783924, 0.025262776291745743, 0.019825685950774465, 0.022458489992721924, 0.019328185540839257, 0.022649824488977517, 0.025374694162861425, 0.02383592417356282, 0.02182074317834366]}