{"x": [1e-09, 1.25e-09, 1.5000000000000002e-09, 1.7500000000000002e-09, 2e-09, 2.2500000000000003e-09, 2.5e-09, 2.7500000000000002e-09, 3.0000000000000004e-09, 3.25e-09, 3.5000000000000003e-09, 3.7500000000000005e-09, 4e-09, 4.25e-09, 4.500000000000001e-09, 4.75e-09, 5e-09, 5.250000000000001e-09, 5.5000000000000004e-09, 5.75e-09, 6.000000000000001e-09, 6.2500000000000005e-09, 6.5e-09, 6.75e-09, 7.000000000000001e-09, 7.25e-09, 7.500000000000001e-09, 7.75e-09, 8e-09, 8.250000000000001e-09, 8.5e-09, 8.75e-09, 9.000000000000001e-09, 9.25e-09], "y": [2.1026308127742115, 2.222656669369136, 2.333489531022664, 2.4355875725835614, 2.5509707560297663, 2.633481381089321, 2.7083636265953093, 2.7403749403142403, 2.77180752802831, 2.796577775654541, 2.8121250508038775, 2.807909118745578, 2.799248561318484, 2.7981360701519162, 2.7825583912859018, 2.7895830860327386, 2.784567584012334, 2.79968686399938, 2.7952990532224895, 2.804745397489579, 2.810011109935017, 2.8153298359741994, 2.8188065289162223, 2.8149746548864, 2.811231612275179, 2.7984480507774343, 2.7948904477434127, 2.7916542676321274, 2.7972953004832615, 2.8050917458499818, 2.8079291484005946, 2.8072149343344233, 2.789913709925675, 2.7848220364808998], "yerr": [0.007681496334963793, 0.00829475355519568, 0.008434701127794675, 0.008601714861556808, 0.008722695152505993, 0.008975365101137464, 0.010431182063181612, 0.008619914941001826, 0.009180356255333904, 0.008867640905757316, 0.008880707074623871, 0.008577254913867965, 0.008749658785488135, 0.008853574891122745, 0.009380010961647872, 0.009790143346292041, 0.008989872489598259, 0.008292900034469919, 0.008304273505258085, 0.007883647197914869, 0.0076730101066800295, 0.008329611930469282, 0.008312636089321286, 0.008459415948797146, 0.007764118850062053, 0.0077166563161222505, 0.009149223559611105, 0.00952810761695241, 0.008909323851777139, 0.00882931900337872, 0.008830731955741623, 0.007806330672684286, 0.007794836717278727, 0.007932515475848842]}