{"x": [1e-09, 1.25e-09, 1.5000000000000002e-09, 1.7500000000000002e-09, 2e-09, 2.2500000000000003e-09, 2.5e-09, 2.7500000000000002e-09, 3.0000000000000004e-09, 3.25e-09, 3.5000000000000003e-09, 3.7500000000000005e-09, 4e-09, 4.25e-09, 4.500000000000001e-09, 4.75e-09, 5e-09, 5.250000000000001e-09, 5.5000000000000004e-09, 5.75e-09, 6.000000000000001e-09, 6.2500000000000005e-09, 6.5e-09, 6.75e-09, 7.000000000000001e-09, 7.25e-09, 7.500000000000001e-09, 7.75e-09, 8e-09, 8.250000000000001e-09, 8.5e-09, 8.75e-09, 9.000000000000001e-09, 9.25e-09], "y": [1.1685204269827534, 1.1854491986429823, 1.204302623096983, 1.2197013490872646, 1.2364292036894982, 1.2474818535484455, 1.2648977994844384, 1.277190302103489, 1.286290669293371, 1.2999615044208412, 1.3075669012385776, 1.315009141444196, 1.3280990064778515, 1.3327566446175467, 1.3384223333980978, 1.342354500463498, 1.3477862367395892, 1.3559181456772749, 1.3590387883084396, 1.364725665351012, 1.3683220194605925, 1.3732914581586362, 1.3787466695187853, 1.376762835269038, 1.3819474525070226, 1.3875211404548964, 1.3925212760977173, 1.3936368130145498, 1.392806719548333, 1.3958594862137255, 1.3988854404099123, 1.3994283723399712, 1.4067790147392674, 1.4060942167305657], "yerr": [0.004012296752258709, 0.004211741125652395, 0.004115079234875264, 0.004153435256970768, 0.004221467562591199, 0.0039010837156865544, 0.00409925078169056, 0.004178808192041382, 0.004256759411847027, 0.004254431969407578, 0.004394899995615795, 0.004303443860680486, 0.004392681677054948, 0.0044221379549057626, 0.004361581157456427, 0.0044783015970755674, 0.004488956897783605, 0.004519849542629554, 0.0042647203449510925, 0.004542067211078436, 0.004325237804125638, 0.004276368846635556, 0.004303624467351136, 0.004300407442823311, 0.004192580064024726, 0.00426762610853424, 0.004559256176978285, 0.004654846020760457, 0.004284992992207396, 0.00444218019422811, 0.00450195939520949, 0.004071756917210506, 0.004070655681697144, 0.004091641774169737]}