{"x": [7.500000000000001e-10, 1e-09, 1.25e-09, 1.5000000000000002e-09, 1.7500000000000002e-09, 2e-09, 2.2500000000000003e-09, 2.5e-09, 2.7500000000000002e-09, 3.0000000000000004e-09, 3.25e-09, 3.5000000000000003e-09, 3.7500000000000005e-09, 4e-09, 4.25e-09, 4.500000000000001e-09, 4.75e-09, 5e-09, 5.250000000000001e-09, 5.5000000000000004e-09, 5.75e-09, 6.000000000000001e-09, 6.2500000000000005e-09, 6.5e-09, 6.75e-09, 7.000000000000001e-09, 7.25e-09, 7.500000000000001e-09, 7.75e-09, 8e-09, 8.250000000000001e-09, 8.5e-09, 8.75e-09, 9.000000000000001e-09, 9.25e-09], "y": [20.95840026845949, 26.608161131008462, 29.76977772800011, 29.523672093571438, 28.558569368581647, 28.02489701915512, 27.97235553544435, 28.007226268131237, 28.13931060637258, 28.030502261580896, 28.035090331920163, 28.172911998962366, 28.13579195215785, 28.19707921227494, 28.0697807117575, 28.201908621145446, 28.191248758449365, 28.057394297702082, 27.941268931917843, 28.09103986362727, 28.277416723804738, 28.22170209589014, 28.057845077541835, 28.049036137589045, 28.09005899830641, 28.104460261260105, 28.08571967366148, 28.125962350789493, 28.27526074965626, 28.085818933385227, 28.021771493140804, 28.124200498445013, 28.148283368728368, 28.125110344888128, 28.13365100788186], "yerr": [0.07245659995568492, 0.07939976879143433, 0.06994908104195371, 0.07685842714029197, 0.07053146624195897, 0.07714916424007967, 0.06549967510029846, 0.06869091855133619, 0.07638692810290325, 0.06953349840097636, 0.05983376092457527, 0.0717086396349107, 0.07697541961287796, 0.06919912578906678, 0.0763391890688514, 0.08038465607471934, 0.06708558754581226, 0.06656671744436463, 0.07221580788124136, 0.06178467174906122, 0.06182023215851796, 0.08269997704195688, 0.07285864847437494, 0.07200999741645048, 0.07054517213029723, 0.06067284620052111, 0.0645393802090701, 0.0851112344734159, 0.05962512742101736, 0.06913507078916653, 0.07470475092831719, 0.07429319367560386, 0.07883576313079307, 0.07080738411407635, 0.07078367801467549]}