{"x": [1e-09, 1.25e-09, 1.5000000000000002e-09, 1.7500000000000002e-09, 2e-09, 2.2500000000000003e-09, 2.5e-09, 2.7500000000000002e-09, 3.0000000000000004e-09, 3.25e-09, 3.5000000000000003e-09, 3.7500000000000005e-09, 4e-09, 4.25e-09, 4.500000000000001e-09, 4.75e-09, 5e-09, 5.250000000000001e-09, 5.5000000000000004e-09, 5.75e-09, 6.000000000000001e-09, 6.2500000000000005e-09, 6.5e-09, 6.75e-09, 7.000000000000001e-09, 7.25e-09, 7.500000000000001e-09, 7.75e-09, 8e-09, 8.250000000000001e-09, 8.5e-09, 8.75e-09, 9.000000000000001e-09, 9.25e-09], "y": [2.168307823487459, 2.265643594865167, 2.358880412564829, 2.4466041982001974, 2.5210550206940554, 2.579434007896043, 2.616087245337758, 2.661692715442454, 2.707777644739322, 2.722135458938331, 2.7368261829285014, 2.7384237335328487, 2.756998277247628, 2.7744857200274295, 2.7745562229928282, 2.7845692612465225, 2.790987956417457, 2.7964074360374025, 2.787484774788284, 2.7804516863861903, 2.783539321396555, 2.787540635216469, 2.7874606284821124, 2.787084913387813, 2.7881316485224437, 2.7874173534294187, 2.7947787783608904, 2.8098446840254003, 2.8116674213755575, 2.8142531133900004, 2.80516707949822, 2.817887231161959, 2.8299750264440893, 2.8233612658344174], "yerr": [0.0090028315622634, 0.008946603835151732, 0.008329716617861086, 0.008151108517818034, 0.010132098544817338, 0.009796476024380534, 0.009396337144806194, 0.00969389735993691, 0.00868664346572901, 0.009116241132708239, 0.009312929698904307, 0.009153153511179478, 0.009367095164934343, 0.00923531090709604, 0.010021215094278432, 0.00936037305988047, 0.00848215345039144, 0.009387024317780194, 0.008727353496295439, 0.009732326997216437, 0.009445146197818164, 0.00886216099146252, 0.009815139099689108, 0.009914839978302496, 0.01031761823986457, 0.009456172364852824, 0.009656720221573774, 0.009250820495938701, 0.00984659160033652, 0.010703272914803373, 0.010725416918266919, 0.009488200384836578, 0.009500576921063474, 0.010227998957545958]}