{"x": [1e-09, 1.25e-09, 1.5000000000000002e-09, 1.7500000000000002e-09, 2e-09, 2.2500000000000003e-09, 2.5e-09, 2.7500000000000002e-09, 3.0000000000000004e-09, 3.25e-09, 3.5000000000000003e-09, 3.7500000000000005e-09, 4e-09, 4.25e-09, 4.500000000000001e-09, 4.75e-09, 5e-09, 5.250000000000001e-09, 5.5000000000000004e-09, 5.75e-09, 6.000000000000001e-09, 6.2500000000000005e-09, 6.5e-09, 6.75e-09, 7.000000000000001e-09, 7.25e-09, 7.500000000000001e-09, 7.75e-09, 8e-09, 8.250000000000001e-09, 8.5e-09, 8.75e-09, 9.000000000000001e-09, 9.25e-09], "y": [1.0411590039141365, 1.0783569136816598, 1.1218158232026303, 1.166792041242322, 1.2198529465871635, 1.2733321773667332, 1.3194583566773297, 1.355540594995361, 1.3868141764756907, 1.4104198330999034, 1.4181673815226565, 1.4189749998309253, 1.4245790142907473, 1.4196927578242142, 1.419447975788685, 1.4141699129343428, 1.4176766639714091, 1.4081064637342149, 1.399528637850011, 1.3915867138994091, 1.3906897984110207, 1.3970765084901442, 1.394436279941133, 1.400671424199621, 1.4041780031755073, 1.4052987759598812, 1.4031131529918222, 1.4023693643157238, 1.3978020400510363, 1.4026053211517828, 1.4003569215897769, 1.3995742527547825, 1.3938053643416901, 1.3910359252206086], "yerr": [0.004364122965150398, 0.0048118771761541616, 0.005003132566766471, 0.00523506663853801, 0.0042914365471716665, 0.004228420852543499, 0.0048018050756088535, 0.004832825470174091, 0.0050678300263682415, 0.004773752460574576, 0.004805146910673348, 0.004062655156287529, 0.0040094193633404985, 0.0046009204462053015, 0.00463024276273922, 0.004432755342504472, 0.004701066443174665, 0.004466770216120022, 0.0049973174405902165, 0.004777392200553823, 0.004271026947063143, 0.004412776822011335, 0.004406064633472923, 0.003907078982066077, 0.004372363402198715, 0.004488294351841247, 0.004883732510094087, 0.005094099619302696, 0.004791030606300094, 0.004213245043839917, 0.00421103821886421, 0.004481861414095382, 0.004687208277408121, 0.005022690193773235]}