{"x": [1e-09, 1.25e-09, 1.5000000000000002e-09, 1.7500000000000002e-09, 2e-09, 2.2500000000000003e-09, 2.5e-09, 2.7500000000000002e-09, 3.0000000000000004e-09, 3.25e-09, 3.5000000000000003e-09, 3.7500000000000005e-09, 4e-09, 4.25e-09, 4.500000000000001e-09, 4.75e-09, 5e-09, 5.250000000000001e-09, 5.5000000000000004e-09, 5.75e-09, 6.000000000000001e-09, 6.2500000000000005e-09, 6.5e-09, 6.75e-09, 7.000000000000001e-09, 7.25e-09, 7.500000000000001e-09, 7.75e-09, 8e-09, 8.250000000000001e-09, 8.5e-09, 8.75e-09, 9.000000000000001e-09, 9.25e-09], "y": [1.012070800457729, 1.0399979542534672, 1.0823270383683217, 1.1376340310504198, 1.2054553596686655, 1.2705198318159578, 1.3450360914657926, 1.4075385429729763, 1.453994930794974, 1.4951032630773902, 1.4981541777352305, 1.481948873315301, 1.4647928115634048, 1.4359149768998565, 1.4142833142386146, 1.4014010173620781, 1.3877527299684254, 1.380727276109581, 1.3745472064712876, 1.3742101996201685, 1.375319956840096, 1.3832603542604152, 1.3854788221201237, 1.4008185652950371, 1.409088381052771, 1.4161809362301925, 1.4147663713348029, 1.4099251718366146, 1.4114523939065549, 1.408214326997865, 1.4015084641188928, 1.3917988670336194, 1.3901362182798451, 1.3880582596868265], "yerr": [0.0061521510205487, 0.006281672890270621, 0.007170954153820195, 0.007121298387788436, 0.006158419551836639, 0.00533418312464273, 0.0068139569741386165, 0.006240441517681364, 0.006045694879101514, 0.006343069231117463, 0.006519166999586576, 0.00619767111507436, 0.006590081308531512, 0.005733812973348657, 0.0065329420052078705, 0.006314060006207454, 0.0060603313502781125, 0.006285592069269995, 0.00658514687780311, 0.006793908403391386, 0.007341878929127424, 0.00654396017255587, 0.005587124288490136, 0.006471707760889538, 0.007015591455171573, 0.006891619268947328, 0.006623869236066728, 0.0065675849895981105, 0.006884826296193349, 0.007395328033423328, 0.005670578979039023, 0.006725583632000249, 0.006392574776669388, 0.005901964674510003]}