{"x": [7.500000000000001e-10, 1e-09, 1.25e-09, 1.5000000000000002e-09, 1.7500000000000002e-09, 2e-09, 2.2500000000000003e-09, 2.5e-09, 2.7500000000000002e-09, 3.0000000000000004e-09, 3.25e-09, 3.5000000000000003e-09, 3.7500000000000005e-09, 4e-09, 4.25e-09, 4.500000000000001e-09, 4.75e-09, 5e-09, 5.250000000000001e-09, 5.5000000000000004e-09, 5.75e-09, 6.000000000000001e-09, 6.2500000000000005e-09, 6.5e-09, 6.75e-09, 7.000000000000001e-09, 7.25e-09, 7.500000000000001e-09, 7.75e-09, 8e-09, 8.250000000000001e-09, 8.5e-09, 8.75e-09, 9.000000000000001e-09, 9.25e-09], "y": [3.8145146161779446, 4.149911409094808, 4.594315490864227, 4.998042902742416, 5.362239237861379, 5.590655533957326, 5.71686580082045, 5.801247962908144, 5.750212874492845, 5.694378278328937, 5.63936962570453, 5.604338472354941, 5.590770831373614, 5.594816715405, 5.604217386626493, 5.620358544760267, 5.608266581404308, 5.606105796416984, 5.603316959270595, 5.628895620547772, 5.622104850441824, 5.611408057581446, 5.614422317572004, 5.6309118013395985, 5.632084021162468, 5.627051539285261, 5.610005089688673, 5.6096778250426595, 5.5826388225958885, 5.5917104974301655, 5.61151759013239, 5.600587618975478, 5.619570080898146, 5.616615844672385, 5.632965201501434], "yerr": [0.014705593807710337, 0.015396285963384448, 0.016802289987465815, 0.014892021265244883, 0.01745332033819773, 0.016613292066337115, 0.01504763264694047, 0.017129566848896542, 0.016502652101964974, 0.01637810340439843, 0.014360282689535922, 0.01804936426877139, 0.01807330273037774, 0.016345638019751033, 0.018716853672020157, 0.016719472619858705, 0.017705470971440932, 0.01855220661528279, 0.01757694030536745, 0.01840611627553901, 0.0168842509651609, 0.01645258181102524, 0.01584406447396263, 0.015222699500435954, 0.016954532766246175, 0.017573780723552417, 0.0173191565804933, 0.0177422308743602, 0.01699877422723393, 0.018040727672107938, 0.017328836244948416, 0.015672515025213468, 0.016936594603112542, 0.015637221136216, 0.015686415643155024]}