{"x": [7.500000000000001e-10, 1e-09, 1.25e-09, 1.5000000000000002e-09, 1.7500000000000002e-09, 2e-09, 2.2500000000000003e-09, 2.5e-09, 2.7500000000000002e-09, 3.0000000000000004e-09, 3.25e-09, 3.5000000000000003e-09, 3.7500000000000005e-09, 4e-09, 4.25e-09, 4.500000000000001e-09, 4.75e-09, 5e-09, 5.250000000000001e-09, 5.5000000000000004e-09, 5.75e-09, 6.000000000000001e-09, 6.2500000000000005e-09, 6.5e-09, 6.75e-09, 7.000000000000001e-09, 7.25e-09, 7.500000000000001e-09, 7.75e-09, 8e-09, 8.250000000000001e-09, 8.5e-09, 8.75e-09, 9.000000000000001e-09, 9.25e-09], "y": [4.0454282785838, 4.3231433176198, 4.612469868415883, 4.872415137587933, 5.072860719632854, 5.244401353351439, 5.36668849606804, 5.441489092043472, 5.503426616641008, 5.531398273835952, 5.580357379592247, 5.586248107296803, 5.5906396376997725, 5.6073193186696395, 5.641477175660668, 5.631908937486513, 5.626391809503481, 5.621874155400954, 5.610394529955958, 5.621739163669769, 5.612477314136042, 5.615747523190997, 5.586515946312415, 5.601630225588856, 5.603972981536263, 5.602390145573826, 5.607951385088721, 5.613708581797536, 5.611108077116927, 5.619156233505809, 5.620210783332211, 5.61495875794878, 5.608461129986162, 5.597066775229681, 5.627498430876992], "yerr": [0.012948810221598345, 0.013911999504367618, 0.012486117243794352, 0.012427268231434979, 0.012751604979424524, 0.013837184788999085, 0.01240301051310385, 0.01337280277257965, 0.014615718201390071, 0.012906968461613271, 0.012806398795187076, 0.012150852061746277, 0.012618028071252637, 0.011940541913236414, 0.012782248777169606, 0.012901889807848477, 0.011979592502714874, 0.013590300856718284, 0.013552770187794673, 0.013169243926945953, 0.014441735214620947, 0.013388730664136515, 0.012106854102493741, 0.013396172861601401, 0.01368932928192674, 0.012429711127319144, 0.013225459402248188, 0.01376635606366983, 0.013618310567034966, 0.014026570085978624, 0.012023023271579482, 0.01292074804604073, 0.014851856562854633, 0.015607980782403795, 0.01341869687312493]}