{"x": [1e-09, 1.25e-09, 1.5000000000000002e-09, 1.7500000000000002e-09, 2e-09, 2.2500000000000003e-09, 2.5e-09, 2.7500000000000002e-09, 3.0000000000000004e-09, 3.25e-09, 3.5000000000000003e-09, 3.7500000000000005e-09, 4e-09, 4.25e-09, 4.500000000000001e-09, 4.75e-09, 5e-09, 5.250000000000001e-09, 5.5000000000000004e-09, 5.75e-09, 6.000000000000001e-09, 6.2500000000000005e-09, 6.5e-09, 6.75e-09, 7.000000000000001e-09, 7.25e-09, 7.500000000000001e-09, 7.75e-09, 8e-09, 8.250000000000001e-09, 8.5e-09, 8.75e-09, 9.000000000000001e-09, 9.25e-09], "y": [1.1402902194083682, 1.161295066497102, 1.1843624058246034, 1.2052481300115072, 1.2259149949115609, 1.2452944257179228, 1.262633226493404, 1.279935331575676, 1.2936914960905683, 1.306050307657495, 1.3177323836194679, 1.3308280832724426, 1.3397304332137034, 1.3447943511040872, 1.3521118545319264, 1.3636351983615667, 1.3731242435042619, 1.3781398232310926, 1.3790988385328782, 1.3838762210118518, 1.3835773964791178, 1.3871183052129648, 1.3905810361490705, 1.3924183623992388, 1.392018948371375, 1.391549491605534, 1.3942647777718988, 1.3920316589557986, 1.3914836518052391, 1.3913634172646965, 1.3923261628863706, 1.393272679175062, 1.396509619701793, 1.3949948192247665], "yerr": [0.004651468958389423, 0.005145992907486835, 0.004900499747756828, 0.004649504129915677, 0.004852962661162818, 0.005445910458773978, 0.0051922820891147315, 0.005253021588107223, 0.004901945456525849, 0.0047636049109604705, 0.0048659820838539095, 0.004872202147089072, 0.004732191578863248, 0.004708927597491703, 0.004873129749675279, 0.005005114635806119, 0.005014129973705698, 0.005343196281532452, 0.005255050346370575, 0.0050695106202598645, 0.005192773260066034, 0.005020051076771502, 0.0045369640266441835, 0.004503331851855213, 0.004683314427034923, 0.0049854815331275525, 0.004784531439099021, 0.0050292208812196355, 0.00450558544939157, 0.004450936716316579, 0.0044606373814776, 0.004618671951513336, 0.004707449509045606, 0.005049886078764562]}