{"x": [7.500000000000001e-10, 1e-09, 1.25e-09, 1.5000000000000002e-09, 1.7500000000000002e-09, 2e-09, 2.2500000000000003e-09, 2.5e-09, 2.7500000000000002e-09, 3.0000000000000004e-09, 3.25e-09, 3.5000000000000003e-09, 3.7500000000000005e-09, 4e-09, 4.25e-09, 4.500000000000001e-09, 4.75e-09, 5e-09, 5.250000000000001e-09, 5.5000000000000004e-09, 5.75e-09, 6.000000000000001e-09, 6.2500000000000005e-09, 6.5e-09, 6.75e-09, 7.000000000000001e-09, 7.25e-09, 7.500000000000001e-09, 7.75e-09, 8e-09, 8.250000000000001e-09, 8.5e-09, 8.75e-09, 9.000000000000001e-09, 9.25e-09], "y": [21.243155558654575, 23.797616997674115, 25.643444906711718, 26.832751910011183, 27.4455053685455, 27.779241484442586, 27.910046189068147, 28.030843687456137, 28.07677980343357, 28.116289855145087, 28.094002997712785, 28.12735320521493, 28.083984834984438, 28.129817904870404, 28.109988178066803, 28.127826737607855, 28.145238839576226, 28.116887880900368, 28.14637701807335, 28.10848144621285, 28.097435429626586, 28.10376216123564, 28.112159546850553, 28.10277315106857, 28.098148066832024, 28.14314407420988, 28.11950161450831, 28.155172273459783, 28.106145060939095, 28.155440326677677, 28.166209389637938, 28.10884436254288, 28.104909166012522, 28.076448115897684, 28.13287368770196], "yerr": [0.02505386832834501, 0.024982872775457476, 0.025278609966330405, 0.0247158530273827, 0.023571644185414756, 0.02454488891400825, 0.02531068493971993, 0.024953103144830516, 0.024633181862796262, 0.024991974210723827, 0.02504875914355595, 0.02516143297540517, 0.02434183250180257, 0.024529109251599464, 0.025953642520482236, 0.024742794343944215, 0.02499714339817496, 0.025221403345027718, 0.02491331029900512, 0.023099729297263977, 0.025407572380806907, 0.02540891393175089, 0.024494209401555226, 0.0253868549521541, 0.025491088977358873, 0.025276225616034754, 0.024793015413731488, 0.024182624619832963, 0.025242998614293785, 0.02517916454035798, 0.02613512762407111, 0.025274501476531243, 0.02495317044475382, 0.024877540718040124, 0.02438346041448296]}