{"x": [1e-09, 1.25e-09, 1.5000000000000002e-09, 1.7500000000000002e-09, 2e-09, 2.2500000000000003e-09, 2.5e-09, 2.7500000000000002e-09, 3.0000000000000004e-09, 3.25e-09, 3.5000000000000003e-09, 3.7500000000000005e-09, 4e-09, 4.25e-09, 4.500000000000001e-09, 4.75e-09, 5e-09, 5.250000000000001e-09, 5.5000000000000004e-09, 5.75e-09, 6.000000000000001e-09, 6.2500000000000005e-09, 6.5e-09, 6.75e-09, 7.000000000000001e-09, 7.25e-09, 7.500000000000001e-09, 7.75e-09, 8e-09, 8.250000000000001e-09, 8.5e-09, 8.75e-09, 9.000000000000001e-09, 9.25e-09], "y": [1.086728148443737, 1.1201875508767292, 1.155574171996048, 1.191482786511574, 1.229594752248598, 1.2661232704539598, 1.294286447545082, 1.315378870432314, 1.3297689448621037, 1.3511226730590244, 1.3587142271812187, 1.3707102726482014, 1.3869024369446823, 1.3914834067841855, 1.391419408410752, 1.393277124317128, 1.3987188765391527, 1.3918544005729536, 1.3961808162207603, 1.3896391809629633, 1.3931751377112271, 1.3970072783248282, 1.397866348382928, 1.3988966189221232, 1.3971779614216666, 1.397483732279575, 1.400946818562346, 1.402268404378061, 1.4058062821384636, 1.4066389864415485, 1.4063117386911836, 1.4019256331903127, 1.3978430125666979, 1.4007190306796053], "yerr": [0.0047658424356794, 0.004617508450386134, 0.004615045604757677, 0.0049500762194573675, 0.005058066738495863, 0.005346071650987502, 0.005480416192406941, 0.005071994249141199, 0.005102859004853561, 0.00490314893180044, 0.00497952484678347, 0.005367117525549226, 0.005148054155339435, 0.005597574070220038, 0.005755727622915029, 0.005233123986445144, 0.005386571528706075, 0.004817601525313698, 0.005040651890992004, 0.004313485811739007, 0.004905136499895415, 0.0049805593308152474, 0.0041470688980779335, 0.0041015909579318, 0.004869348488540066, 0.00516246032666307, 0.005372464027413722, 0.004976801617887805, 0.0046198125168414456, 0.004482267938578532, 0.004613775514455604, 0.005279092932210862, 0.005404858539829422, 0.00485376890788093]}