{"x": [7.500000000000001e-10, 1e-09, 1.25e-09, 1.5000000000000002e-09, 1.7500000000000002e-09, 2e-09, 2.2500000000000003e-09, 2.5e-09, 2.7500000000000002e-09, 3.0000000000000004e-09, 3.25e-09, 3.5000000000000003e-09, 3.7500000000000005e-09, 4e-09, 4.25e-09, 4.500000000000001e-09, 4.75e-09, 5e-09, 5.250000000000001e-09, 5.5000000000000004e-09, 5.75e-09, 6.000000000000001e-09, 6.2500000000000005e-09, 6.5e-09, 6.75e-09, 7.000000000000001e-09, 7.25e-09, 7.500000000000001e-09, 7.75e-09, 8e-09, 8.250000000000001e-09, 8.5e-09, 8.75e-09, 9.000000000000001e-09, 9.25e-09], "y": [21.121376101405755, 26.29748460173194, 29.22059962424559, 29.428322362121456, 28.620180964166654, 28.10143088293407, 27.968650477684296, 28.003054154292716, 28.08522238251849, 28.132440261670673, 28.13762219597676, 28.134844180866686, 28.173209002824045, 28.024447023108447, 28.160673031669052, 28.132300219855797, 28.0284969673036, 28.12845621821808, 28.13408585534836, 28.224435409494372, 28.209020046312897, 27.991157086917827, 28.161005399394945, 28.160488228045224, 28.17016761496945, 28.01022352504153, 28.050473253462165, 28.333936213665986, 28.012969234472017, 28.052981309650544, 28.094453490856097, 28.244682134022852, 28.044660612778763, 28.096826531507624, 28.165637093990977], "yerr": [0.0709609415571216, 0.07645786686562252, 0.07884288710827352, 0.07776022509080913, 0.07195353730826491, 0.07225318473900412, 0.060840308877340855, 0.06381576883343472, 0.06446084352417672, 0.06541097601077331, 0.05904908674881342, 0.06697033662686501, 0.06542573254795873, 0.06895680705063566, 0.06539806349437237, 0.060037145145661344, 0.07213432408988582, 0.0697854587553757, 0.06477280641167978, 0.06719032232821937, 0.07000093483624226, 0.07881928549108846, 0.06798464892895786, 0.0808387986563349, 0.080893112093832, 0.07774308680369539, 0.07652856813696843, 0.07058884973115925, 0.07019043160035032, 0.07436974884522338, 0.0681217799856954, 0.068127019910142, 0.06692468987440683, 0.07297692090367762, 0.0725536700969436]}