{"x": [1e-09, 1.25e-09, 1.5000000000000002e-09, 1.7500000000000002e-09, 2e-09, 2.2500000000000003e-09, 2.5e-09, 2.7500000000000002e-09, 3.0000000000000004e-09, 3.25e-09, 3.5000000000000003e-09, 3.7500000000000005e-09, 4e-09, 4.25e-09, 4.500000000000001e-09, 4.75e-09, 5e-09, 5.250000000000001e-09, 5.5000000000000004e-09, 5.75e-09, 6.000000000000001e-09, 6.2500000000000005e-09, 6.5e-09, 6.75e-09, 7.000000000000001e-09, 7.25e-09, 7.500000000000001e-09, 7.75e-09, 8e-09, 8.250000000000001e-09, 8.5e-09, 8.75e-09, 9.000000000000001e-09, 9.25e-09], "y": [1.134749671305011, 1.1606849366213354, 1.18061771898256, 1.2046805987572278, 1.2336910528698601, 1.2534630624355927, 1.2696712713379967, 1.2885865293992524, 1.3063718812091143, 1.3176640971026004, 1.326955079681044, 1.3322715751676526, 1.3419273330110957, 1.3517774162905831, 1.3623700795888927, 1.3662093647363434, 1.374014165211788, 1.3793915501512857, 1.3863866981549071, 1.387082762347434, 1.3880007318733953, 1.3908303217839815, 1.3923684035333361, 1.3913787500475718, 1.391842168874163, 1.387854364312519, 1.3914042978762096, 1.394388742358578, 1.3952106321366418, 1.389274552529254, 1.3902523029546001, 1.3897888922572106, 1.393515233617639, 1.3915251073343147], "yerr": [0.004103363614667693, 0.004047492306218125, 0.004515388233953989, 0.0042851995257923, 0.004236503423385003, 0.004623319462548671, 0.0046006404927152805, 0.0042857021611137905, 0.004473617711861603, 0.004782640772258014, 0.004805346146705552, 0.004753912280095655, 0.005061900962624463, 0.005123410368962805, 0.004816806017384926, 0.00483841355255214, 0.004811076664244603, 0.004920540256448049, 0.004382202898710685, 0.004219289356787217, 0.004668845060091071, 0.004734469316190983, 0.00458793535015619, 0.00442522557032002, 0.004578655739229354, 0.004611872662117002, 0.004467804487210931, 0.004746769542735684, 0.0046945210827541405, 0.004353101419845007, 0.004281355232939973, 0.004491999017027696, 0.004346434198607585, 0.004352566361946371]}