{"x": [7.500000000000001e-10, 1e-09, 1.25e-09, 1.5000000000000002e-09, 1.7500000000000002e-09, 2e-09, 2.2500000000000003e-09, 2.5e-09, 2.7500000000000002e-09, 3.0000000000000004e-09, 3.25e-09, 3.5000000000000003e-09, 3.7500000000000005e-09, 4e-09, 4.25e-09, 4.500000000000001e-09, 4.75e-09, 5e-09, 5.250000000000001e-09, 5.5000000000000004e-09, 5.75e-09, 6.000000000000001e-09, 6.2500000000000005e-09, 6.5e-09, 6.75e-09, 7.000000000000001e-09, 7.25e-09, 7.500000000000001e-09, 7.75e-09, 8e-09, 8.250000000000001e-09, 8.5e-09, 8.75e-09, 9.000000000000001e-09, 9.25e-09], "y": [3.5171327230109295, 3.8422161456125647, 4.322404612288078, 4.973583028002291, 5.7893542422209485, 6.8014879363062475, 7.381621832118023, 6.805504452044307, 5.682063353636464, 4.887364670404003, 4.625144524028661, 4.730828149461075, 5.166746992243884, 5.6995577037400675, 6.099489321312558, 6.25064453069241, 6.138165205983972, 5.814943985097142, 5.468503009678174, 5.229312646018482, 5.205705273185931, 5.334173983170651, 5.538675324082973, 5.767234573942695, 5.894971525375462, 5.8750889939137645, 5.748973102961836, 5.590544978445425, 5.490832948294707, 5.439986804747216, 5.469752769159342, 5.506472433425701, 5.614041669036506, 5.715359237160377, 5.7558901641309586], "yerr": [0.025086373639023003, 0.026993202329731257, 0.027657153974848626, 0.025442740380961348, 0.028834794386521628, 0.03343772825360364, 0.03640711694265955, 0.030949211359901224, 0.029210926582043814, 0.028680781530190817, 0.027062046593462168, 0.027837105237659858, 0.02986140446187593, 0.031298513304261213, 0.03402728756340189, 0.032849864552949755, 0.029428013328238432, 0.033331604424441025, 0.022297415532945255, 0.028959186793416122, 0.029564771494121657, 0.030375415820965403, 0.029100832022901677, 0.029329053862666217, 0.030405341626081613, 0.027436365638402953, 0.028550987691832227, 0.03267889899100508, 0.033295042430974434, 0.02842539491728377, 0.024939431642302768, 0.030932900708024166, 0.028280137229845945, 0.03146456404036273, 0.031175920740004956]}