{"x": [7.500000000000001e-10, 1e-09, 1.25e-09, 1.5000000000000002e-09, 1.7500000000000002e-09, 2e-09, 2.2500000000000003e-09, 2.5e-09, 2.7500000000000002e-09, 3.0000000000000004e-09, 3.25e-09, 3.5000000000000003e-09, 3.7500000000000005e-09, 4e-09, 4.25e-09, 4.500000000000001e-09, 4.75e-09, 5e-09, 5.250000000000001e-09, 5.5000000000000004e-09, 5.75e-09, 6.000000000000001e-09, 6.2500000000000005e-09, 6.5e-09, 6.75e-09, 7.000000000000001e-09, 7.25e-09, 7.500000000000001e-09, 7.75e-09, 8e-09, 8.250000000000001e-09, 8.5e-09, 8.75e-09, 9.000000000000001e-09, 9.25e-09], "y": [19.635059031913833, 28.2049814529233, 38.655788118681826, 33.70594763625598, 24.099898948332836, 22.51094330433431, 26.27535076230901, 31.04551295885776, 31.54640426735293, 28.227663941878742, 25.89481198142632, 26.466547956294086, 28.488251979917763, 29.691368484678133, 28.892208840276666, 27.411375275377626, 27.34820508498321, 27.832715004276302, 28.488090156208372, 28.68849556477122, 28.152035879097948, 27.89517953005187, 27.79237701291616, 28.19652933888957, 28.19656898648082, 28.28199714262878, 28.220391025687583, 27.942313827053564, 28.031997495344477, 28.12053815708001, 28.1583026115518, 28.237857949645214, 28.09395460221139, 27.96576966366952, 28.21338225325802], "yerr": [0.08429865804394458, 0.0938853582507292, 0.10910027567092938, 0.097961538908684, 0.10508175999310322, 0.08994467681583143, 0.09692594632874492, 0.11035154272838746, 0.08842217983658848, 0.08884855389576726, 0.09086204936872627, 0.09112262638258715, 0.09547571114411535, 0.08465619720148859, 0.09149257064258376, 0.0905348594612016, 0.0847926644217772, 0.10289745202094733, 0.09287453573623987, 0.09669596530177198, 0.09620929115895224, 0.08902825356730086, 0.08646283238896127, 0.09401671107770637, 0.07377977233718058, 0.09706595768274505, 0.09334079706138226, 0.07853418038298586, 0.10354313703702983, 0.07836435864631666, 0.07856257627067659, 0.08686375310075829, 0.0791570028785373, 0.08600142179645821, 0.08187755008431863]}