{"x": [1e-09, 1.25e-09, 1.5000000000000002e-09, 1.7500000000000002e-09, 2e-09, 2.2500000000000003e-09, 2.5e-09, 2.7500000000000002e-09, 3.0000000000000004e-09, 3.25e-09, 3.5000000000000003e-09, 3.7500000000000005e-09, 4e-09, 4.25e-09, 4.500000000000001e-09, 4.75e-09, 5e-09, 5.250000000000001e-09, 5.5000000000000004e-09, 5.75e-09, 6.000000000000001e-09, 6.2500000000000005e-09, 6.5e-09, 6.75e-09, 7.000000000000001e-09, 7.25e-09, 7.500000000000001e-09, 7.75e-09, 8e-09, 8.250000000000001e-09, 8.5e-09, 8.75e-09, 9.000000000000001e-09, 9.25e-09], "y": [2.1147372001240656, 2.2273019070201694, 2.359333518891309, 2.47152647306338, 2.567214830968746, 2.6278608032154365, 2.6807896656996593, 2.7228261306397035, 2.751738768844848, 2.7716566453861584, 2.782131966599565, 2.7914320893277598, 2.797838391070945, 2.8102618273309212, 2.8072092396013284, 2.8130281581611603, 2.808608606146265, 2.799286260347212, 2.798113196175103, 2.7958141464547053, 2.80308762952543, 2.8037940229279785, 2.8040972833131854, 2.800377239245656, 2.788630817335697, 2.7911677140619986, 2.7888005550763877, 2.7913737299413843, 2.795129489807186, 2.801560493275644, 2.792413580104131, 2.808766784465028, 2.8080376660836515, 2.795660692298268], "yerr": [0.007933438435184088, 0.008444368534640328, 0.009009268686473297, 0.00891798423554677, 0.00915071912420633, 0.008180468393018954, 0.0088747898172275, 0.0084554223032888, 0.007947582102737476, 0.008893561230765585, 0.009274500000336368, 0.008366038333209098, 0.008806966509540937, 0.010110495617820996, 0.009258824239622123, 0.010192442722995475, 0.00912971896534874, 0.008860605765530268, 0.00783741205144661, 0.009034542451532146, 0.010426872175205645, 0.009805548163229316, 0.010016733529704197, 0.008771113581939369, 0.007683276990068611, 0.008699783407637536, 0.00885984235006658, 0.008855041866478829, 0.007769264818321299, 0.00801156423252437, 0.00912344695204104, 0.009293692685496319, 0.008575817930413406, 0.009353947700695666]}